TRACE::2025-11-24.00:09:33::SCWPlatform::Trying to open the hw design at D:/Vivado_Projects/Assignment_3/pc/sw/design_1_wrapper/hw/design_1_wrapper.xsa
TRACE::2025-11-24.00:09:33::SCWPlatform::DSA given D:/Vivado_Projects/Assignment_3/pc/sw/design_1_wrapper/hw/design_1_wrapper.xsa
TRACE::2025-11-24.00:09:33::SCWPlatform::DSA absoulate path D:/Vivado_Projects/Assignment_3/pc/sw/design_1_wrapper/hw/design_1_wrapper.xsa
TRACE::2025-11-24.00:09:33::SCWPlatform::DSA directory D:/Vivado_Projects/Assignment_3/pc/sw/design_1_wrapper/hw
TRACE::2025-11-24.00:09:33::SCWPlatform:: Platform Path D:/Vivado_Projects/Assignment_3/pc/sw/design_1_wrapper/hw/design_1_wrapper.xsa
TRACE::2025-11-24.00:09:33::SCWPlatform:: Unique name xilinx:zedboard::0.0
TRACE::2025-11-24.00:09:33::SCWPlatform::Do not have an existing db opened. 
TRACE::2025-11-24.00:09:35::SCWPlatform::Opened new HwDB with name design_1_wrapper_0
TRACE::2025-11-24.00:09:35::SCWWriter::formatted JSON is {
	"platformName":	"design_1_wrapper",
	"sprVersion":	"2.0",
	"mode":	"gui",
	"dsaType":	"Fixed",
	"platformDesc":	"design_1_wrapper",
	"platHandOff":	"<platformDir>.xsa",
	"platIntHandOff":	"<platformDir>/hw/design_1_wrapper.xsa",
	"deviceType":	"zynq",
	"platIsPrebuiltAutogen":	"false",
	"platIsNoBootBsp":	"false",
	"hasFsblMakeHasChanges":	"false",
	"hasPmufwMakeHasChanges":	"false",
	"platPreBuiltFlag":	false,
	"platformSamplesDir":	""
}
TRACE::2025-11-24.00:09:35::SCWWriter::formatted JSON is {
	"platformName":	"design_1_wrapper",
	"sprVersion":	"2.0",
	"mode":	"gui",
	"dsaType":	"Fixed",
	"platformDesc":	"design_1_wrapper",
	"platHandOff":	"<platformDir>.xsa",
	"platIntHandOff":	"<platformDir>/hw/design_1_wrapper.xsa",
	"deviceType":	"zynq",
	"platIsPrebuiltAutogen":	"false",
	"platIsNoBootBsp":	"false",
	"hasFsblMakeHasChanges":	"false",
	"hasPmufwMakeHasChanges":	"false",
	"platPreBuiltFlag":	false,
	"platformSamplesDir":	"",
	"platActiveSys":	"design_1_wrapper",
	"systems":	[{
			"systemName":	"design_1_wrapper",
			"systemDesc":	"design_1_wrapper",
			"sysIsBootAutoGen":	"true",
			"systemDispName":	"design_1_wrapper"
		}]
}
TRACE::2025-11-24.00:09:35::SCWPlatform::Boot application domains not present, creating them
TRACE::2025-11-24.00:09:35::SCWDomain::checking for install qemu data   : 
TRACE::2025-11-24.00:09:35::SCWDomain:: Using the QEMU Data from install at  : D:/Softwares/Xilinx/Vitis/2021.2/data/emulation/platforms/zynq/sw/a9_standalone/qemu/
TRACE::2025-11-24.00:09:35::SCWDomain:: Using the QEMU args  from install at  : D:/Softwares/Xilinx/Vitis/2021.2/data/emulation/platforms/zynq/sw/a9_standalone/qemu/qemu_args.txt
TRACE::2025-11-24.00:09:35::SCWPlatform::Trying to open the hw design at D:/Vivado_Projects/Assignment_3/pc/sw/design_1_wrapper/hw/design_1_wrapper.xsa
TRACE::2025-11-24.00:09:35::SCWPlatform::DSA given D:/Vivado_Projects/Assignment_3/pc/sw/design_1_wrapper/hw/design_1_wrapper.xsa
TRACE::2025-11-24.00:09:35::SCWPlatform::DSA absoulate path D:/Vivado_Projects/Assignment_3/pc/sw/design_1_wrapper/hw/design_1_wrapper.xsa
TRACE::2025-11-24.00:09:35::SCWPlatform::DSA directory D:/Vivado_Projects/Assignment_3/pc/sw/design_1_wrapper/hw
TRACE::2025-11-24.00:09:35::SCWPlatform:: Platform Path D:/Vivado_Projects/Assignment_3/pc/sw/design_1_wrapper/hw/design_1_wrapper.xsa
TRACE::2025-11-24.00:09:35::SCWPlatform:: Unique name xilinx:zedboard::0.0
TRACE::2025-11-24.00:09:35::SCWPlatform::Trying to set the existing hwdb with name design_1_wrapper_0
TRACE::2025-11-24.00:09:35::SCWPlatform::Opened existing hwdb design_1_wrapper_0
TRACE::2025-11-24.00:09:35::SCWPlatform::Found the Hw Db part of the input DSA
TRACE::2025-11-24.00:09:35::SCWPlatform::Trying to open the hw design at D:/Vivado_Projects/Assignment_3/pc/sw/design_1_wrapper/hw/design_1_wrapper.xsa
TRACE::2025-11-24.00:09:35::SCWPlatform::DSA given D:/Vivado_Projects/Assignment_3/pc/sw/design_1_wrapper/hw/design_1_wrapper.xsa
TRACE::2025-11-24.00:09:35::SCWPlatform::DSA absoulate path D:/Vivado_Projects/Assignment_3/pc/sw/design_1_wrapper/hw/design_1_wrapper.xsa
TRACE::2025-11-24.00:09:35::SCWPlatform::DSA directory D:/Vivado_Projects/Assignment_3/pc/sw/design_1_wrapper/hw
TRACE::2025-11-24.00:09:35::SCWPlatform:: Platform Path D:/Vivado_Projects/Assignment_3/pc/sw/design_1_wrapper/hw/design_1_wrapper.xsa
TRACE::2025-11-24.00:09:35::SCWPlatform:: Unique name xilinx:zedboard::0.0
TRACE::2025-11-24.00:09:35::SCWPlatform::Trying to set the existing hwdb with name design_1_wrapper_0
TRACE::2025-11-24.00:09:35::SCWPlatform::Opened existing hwdb design_1_wrapper_0
TRACE::2025-11-24.00:09:35::SCWPlatform::Found the Hw Db part of the input DSA
TRACE::2025-11-24.00:09:35::SCWPlatform::Trying to open the hw design at D:/Vivado_Projects/Assignment_3/pc/sw/design_1_wrapper/hw/design_1_wrapper.xsa
TRACE::2025-11-24.00:09:35::SCWPlatform::DSA given D:/Vivado_Projects/Assignment_3/pc/sw/design_1_wrapper/hw/design_1_wrapper.xsa
TRACE::2025-11-24.00:09:35::SCWPlatform::DSA absoulate path D:/Vivado_Projects/Assignment_3/pc/sw/design_1_wrapper/hw/design_1_wrapper.xsa
TRACE::2025-11-24.00:09:35::SCWPlatform::DSA directory D:/Vivado_Projects/Assignment_3/pc/sw/design_1_wrapper/hw
TRACE::2025-11-24.00:09:35::SCWPlatform:: Platform Path D:/Vivado_Projects/Assignment_3/pc/sw/design_1_wrapper/hw/design_1_wrapper.xsa
TRACE::2025-11-24.00:09:35::SCWPlatform:: Unique name xilinx:zedboard::0.0
TRACE::2025-11-24.00:09:35::SCWPlatform::Trying to set the existing hwdb with name design_1_wrapper_0
TRACE::2025-11-24.00:09:35::SCWPlatform::Opened existing hwdb design_1_wrapper_0
TRACE::2025-11-24.00:09:35::SCWPlatform::Found the Hw Db part of the input DSA
TRACE::2025-11-24.00:09:35::SCWPlatform::Boot application domain added for zynq_fsbl
TRACE::2025-11-24.00:09:35::SCWPlatform::Generating the sources  .
TRACE::2025-11-24.00:09:35::SCWBDomain::Generating boot domain sources.
TRACE::2025-11-24.00:09:35::SCWBDomain:: Generating the zynq_fsbl Application.
TRACE::2025-11-24.00:09:35::SCWPlatform::Trying to open the hw design at D:/Vivado_Projects/Assignment_3/pc/sw/design_1_wrapper/hw/design_1_wrapper.xsa
TRACE::2025-11-24.00:09:35::SCWPlatform::DSA given D:/Vivado_Projects/Assignment_3/pc/sw/design_1_wrapper/hw/design_1_wrapper.xsa
TRACE::2025-11-24.00:09:35::SCWPlatform::DSA absoulate path D:/Vivado_Projects/Assignment_3/pc/sw/design_1_wrapper/hw/design_1_wrapper.xsa
TRACE::2025-11-24.00:09:35::SCWPlatform::DSA directory D:/Vivado_Projects/Assignment_3/pc/sw/design_1_wrapper/hw
TRACE::2025-11-24.00:09:35::SCWPlatform:: Platform Path D:/Vivado_Projects/Assignment_3/pc/sw/design_1_wrapper/hw/design_1_wrapper.xsa
TRACE::2025-11-24.00:09:35::SCWPlatform:: Unique name xilinx:zedboard::0.0
TRACE::2025-11-24.00:09:35::SCWPlatform::Trying to set the existing hwdb with name design_1_wrapper_0
TRACE::2025-11-24.00:09:35::SCWPlatform::Opened existing hwdb design_1_wrapper_0
TRACE::2025-11-24.00:09:35::SCWPlatform::Found the Hw Db part of the input DSA
TRACE::2025-11-24.00:09:35::SCWMssOS::Checking the sw design at  D:/Vivado_Projects/Assignment_3/pc/sw/design_1_wrapper/zynq_fsbl/zynq_fsbl_bsp/system.mss
TRACE::2025-11-24.00:09:35::SCWMssOS::DEBUG:  swdes dump  
TRACE::2025-11-24.00:09:35::SCWMssOS::No sw design opened at  D:/Vivado_Projects/Assignment_3/pc/sw/design_1_wrapper/zynq_fsbl/zynq_fsbl_bsp/system.mss
TRACE::2025-11-24.00:09:35::SCWMssOS::mss does not exists at D:/Vivado_Projects/Assignment_3/pc/sw/design_1_wrapper/zynq_fsbl/zynq_fsbl_bsp/system.mss
TRACE::2025-11-24.00:09:35::SCWMssOS::Creating sw design at  D:/Vivado_Projects/Assignment_3/pc/sw/design_1_wrapper/zynq_fsbl/zynq_fsbl_bsp/system.mss
TRACE::2025-11-24.00:09:35::SCWMssOS::Adding the swdes entry, created swdb D:/Vivado_Projects/Assignment_3/pc/sw/design_1_wrapper/zynq_fsbl/zynq_fsbl_bsp/system.mss with des name D:/Vivado_Projects/Assignment_3/pc/sw/design_1_wrapper/zynq_fsbl/zynq_fsbl_bsp/system.mss
TRACE::2025-11-24.00:09:35::SCWMssOS::updating the scw layer changes to swdes at   D:/Vivado_Projects/Assignment_3/pc/sw/design_1_wrapper/zynq_fsbl/zynq_fsbl_bsp/system.mss
TRACE::2025-11-24.00:09:35::SCWMssOS::Writing mss at D:/Vivado_Projects/Assignment_3/pc/sw/design_1_wrapper/zynq_fsbl/zynq_fsbl_bsp/system.mss
TRACE::2025-11-24.00:09:35::SCWMssOS::Completed writing the mss file at D:/Vivado_Projects/Assignment_3/pc/sw/design_1_wrapper/zynq_fsbl/zynq_fsbl_bsp
TRACE::2025-11-24.00:09:35::SCWMssOS::Picking up changes from newly written mss file into SCW Layer. 
TRACE::2025-11-24.00:09:35::SCWMssOS::Updated the changes from newly written mss file into SCW Layer. 
TRACE::2025-11-24.00:09:35::SCWBDomain::Completed writing the mss file at D:/Vivado_Projects/Assignment_3/pc/sw/design_1_wrapper/zynq_fsbl/zynq_fsbl_bsp
TRACE::2025-11-24.00:09:41::SCWPlatform::Generating sources Done.
TRACE::2025-11-24.00:09:41::SCWPlatform::Trying to open the hw design at D:/Vivado_Projects/Assignment_3/pc/sw/design_1_wrapper/hw/design_1_wrapper.xsa
TRACE::2025-11-24.00:09:41::SCWPlatform::DSA given D:/Vivado_Projects/Assignment_3/pc/sw/design_1_wrapper/hw/design_1_wrapper.xsa
TRACE::2025-11-24.00:09:41::SCWPlatform::DSA absoulate path D:/Vivado_Projects/Assignment_3/pc/sw/design_1_wrapper/hw/design_1_wrapper.xsa
TRACE::2025-11-24.00:09:41::SCWPlatform::DSA directory D:/Vivado_Projects/Assignment_3/pc/sw/design_1_wrapper/hw
TRACE::2025-11-24.00:09:41::SCWPlatform:: Platform Path D:/Vivado_Projects/Assignment_3/pc/sw/design_1_wrapper/hw/design_1_wrapper.xsa
TRACE::2025-11-24.00:09:41::SCWPlatform:: Unique name xilinx:zedboard::0.0
TRACE::2025-11-24.00:09:41::SCWPlatform::Trying to set the existing hwdb with name design_1_wrapper_0
TRACE::2025-11-24.00:09:41::SCWPlatform::Opened existing hwdb design_1_wrapper_0
TRACE::2025-11-24.00:09:41::SCWPlatform::Found the Hw Db part of the input DSA
TRACE::2025-11-24.00:09:41::SCWMssOS::Checking the sw design at  D:/Vivado_Projects/Assignment_3/pc/sw/design_1_wrapper/zynq_fsbl/zynq_fsbl_bsp/system.mss
TRACE::2025-11-24.00:09:41::SCWMssOS::DEBUG:  swdes dump  
TRACE::2025-11-24.00:09:41::SCWMssOS::No sw design opened at  D:/Vivado_Projects/Assignment_3/pc/sw/design_1_wrapper/zynq_fsbl/zynq_fsbl_bsp/system.mss
TRACE::2025-11-24.00:09:41::SCWMssOS::mss exists loading the mss file  D:/Vivado_Projects/Assignment_3/pc/sw/design_1_wrapper/zynq_fsbl/zynq_fsbl_bsp/system.mss
TRACE::2025-11-24.00:09:41::SCWMssOS::Opened the sw design from mss  D:/Vivado_Projects/Assignment_3/pc/sw/design_1_wrapper/zynq_fsbl/zynq_fsbl_bsp/system.mss
TRACE::2025-11-24.00:09:41::SCWMssOS::Adding the swdes entry D:/Vivado_Projects/Assignment_3/pc/sw/design_1_wrapper/zynq_fsbl/zynq_fsbl_bsp/system.mss with des name system
TRACE::2025-11-24.00:09:41::SCWMssOS::updating the scw layer about changes
TRACE::2025-11-24.00:09:41::SCWMssOS::Opened the sw design.  D:/Vivado_Projects/Assignment_3/pc/sw/design_1_wrapper/zynq_fsbl/zynq_fsbl_bsp/system.mss
TRACE::2025-11-24.00:09:41::SCWMssOS::Saving the mss changes D:/Vivado_Projects/Assignment_3/pc/sw/design_1_wrapper/zynq_fsbl/zynq_fsbl_bsp/system.mss
TRACE::2025-11-24.00:09:41::SCWMssOS::Found a swdesign opened with the mssfile.
TRACE::2025-11-24.00:09:41::SCWMssOS::Completed writemss as part of save.
TRACE::2025-11-24.00:09:41::SCWMssOS::Commit changes completed.
TRACE::2025-11-24.00:09:41::SCWPlatform::Trying to open the hw design at D:/Vivado_Projects/Assignment_3/pc/sw/design_1_wrapper/hw/design_1_wrapper.xsa
TRACE::2025-11-24.00:09:41::SCWPlatform::DSA given D:/Vivado_Projects/Assignment_3/pc/sw/design_1_wrapper/hw/design_1_wrapper.xsa
TRACE::2025-11-24.00:09:41::SCWPlatform::DSA absoulate path D:/Vivado_Projects/Assignment_3/pc/sw/design_1_wrapper/hw/design_1_wrapper.xsa
TRACE::2025-11-24.00:09:41::SCWPlatform::DSA directory D:/Vivado_Projects/Assignment_3/pc/sw/design_1_wrapper/hw
TRACE::2025-11-24.00:09:41::SCWPlatform:: Platform Path D:/Vivado_Projects/Assignment_3/pc/sw/design_1_wrapper/hw/design_1_wrapper.xsa
TRACE::2025-11-24.00:09:41::SCWPlatform:: Unique name xilinx:zedboard::0.0
TRACE::2025-11-24.00:09:41::SCWPlatform::Trying to set the existing hwdb with name design_1_wrapper_0
TRACE::2025-11-24.00:09:41::SCWPlatform::Opened existing hwdb design_1_wrapper_0
TRACE::2025-11-24.00:09:41::SCWPlatform::Found the Hw Db part of the input DSA
TRACE::2025-11-24.00:09:41::SCWMssOS::Checking the sw design at  D:/Vivado_Projects/Assignment_3/pc/sw/design_1_wrapper/zynq_fsbl/zynq_fsbl_bsp/system.mss
TRACE::2025-11-24.00:09:41::SCWMssOS::DEBUG:  swdes dump  D:/Vivado_Projects/Assignment_3/pc/sw/design_1_wrapper/zynq_fsbl/zynq_fsbl_bsp/system.mss|system||

TRACE::2025-11-24.00:09:41::SCWMssOS::Sw design exists and opened at  D:/Vivado_Projects/Assignment_3/pc/sw/design_1_wrapper/zynq_fsbl/zynq_fsbl_bsp/system.mss
TRACE::2025-11-24.00:09:41::SCWPlatform::Trying to open the hw design at D:/Vivado_Projects/Assignment_3/pc/sw/design_1_wrapper/hw/design_1_wrapper.xsa
TRACE::2025-11-24.00:09:41::SCWPlatform::DSA given D:/Vivado_Projects/Assignment_3/pc/sw/design_1_wrapper/hw/design_1_wrapper.xsa
TRACE::2025-11-24.00:09:41::SCWPlatform::DSA absoulate path D:/Vivado_Projects/Assignment_3/pc/sw/design_1_wrapper/hw/design_1_wrapper.xsa
TRACE::2025-11-24.00:09:41::SCWPlatform::DSA directory D:/Vivado_Projects/Assignment_3/pc/sw/design_1_wrapper/hw
TRACE::2025-11-24.00:09:41::SCWPlatform:: Platform Path D:/Vivado_Projects/Assignment_3/pc/sw/design_1_wrapper/hw/design_1_wrapper.xsa
TRACE::2025-11-24.00:09:41::SCWPlatform:: Unique name xilinx:zedboard::0.0
TRACE::2025-11-24.00:09:41::SCWPlatform::Trying to set the existing hwdb with name design_1_wrapper_0
TRACE::2025-11-24.00:09:41::SCWPlatform::Opened existing hwdb design_1_wrapper_0
TRACE::2025-11-24.00:09:41::SCWPlatform::Found the Hw Db part of the input DSA
TRACE::2025-11-24.00:09:41::SCWMssOS::Checking the sw design at  D:/Vivado_Projects/Assignment_3/pc/sw/design_1_wrapper/zynq_fsbl/zynq_fsbl_bsp/system.mss
TRACE::2025-11-24.00:09:41::SCWMssOS::DEBUG:  swdes dump  D:/Vivado_Projects/Assignment_3/pc/sw/design_1_wrapper/zynq_fsbl/zynq_fsbl_bsp/system.mss|system||

TRACE::2025-11-24.00:09:41::SCWMssOS::Sw design exists and opened at  D:/Vivado_Projects/Assignment_3/pc/sw/design_1_wrapper/zynq_fsbl/zynq_fsbl_bsp/system.mss
TRACE::2025-11-24.00:09:41::SCWPlatform::Trying to open the hw design at D:/Vivado_Projects/Assignment_3/pc/sw/design_1_wrapper/hw/design_1_wrapper.xsa
TRACE::2025-11-24.00:09:41::SCWPlatform::DSA given D:/Vivado_Projects/Assignment_3/pc/sw/design_1_wrapper/hw/design_1_wrapper.xsa
TRACE::2025-11-24.00:09:41::SCWPlatform::DSA absoulate path D:/Vivado_Projects/Assignment_3/pc/sw/design_1_wrapper/hw/design_1_wrapper.xsa
TRACE::2025-11-24.00:09:41::SCWPlatform::DSA directory D:/Vivado_Projects/Assignment_3/pc/sw/design_1_wrapper/hw
TRACE::2025-11-24.00:09:41::SCWPlatform:: Platform Path D:/Vivado_Projects/Assignment_3/pc/sw/design_1_wrapper/hw/design_1_wrapper.xsa
TRACE::2025-11-24.00:09:41::SCWPlatform:: Unique name xilinx:zedboard::0.0
TRACE::2025-11-24.00:09:41::SCWPlatform::Trying to set the existing hwdb with name design_1_wrapper_0
TRACE::2025-11-24.00:09:41::SCWPlatform::Opened existing hwdb design_1_wrapper_0
TRACE::2025-11-24.00:09:41::SCWPlatform::Found the Hw Db part of the input DSA
TRACE::2025-11-24.00:09:41::SCWMssOS::Checking the sw design at  D:/Vivado_Projects/Assignment_3/pc/sw/design_1_wrapper/zynq_fsbl/zynq_fsbl_bsp/system.mss
TRACE::2025-11-24.00:09:41::SCWMssOS::DEBUG:  swdes dump  D:/Vivado_Projects/Assignment_3/pc/sw/design_1_wrapper/zynq_fsbl/zynq_fsbl_bsp/system.mss|system||

TRACE::2025-11-24.00:09:41::SCWMssOS::Sw design exists and opened at  D:/Vivado_Projects/Assignment_3/pc/sw/design_1_wrapper/zynq_fsbl/zynq_fsbl_bsp/system.mss
TRACE::2025-11-24.00:09:41::SCWWriter::formatted JSON is {
	"platformName":	"design_1_wrapper",
	"sprVersion":	"2.0",
	"mode":	"gui",
	"dsaType":	"Fixed",
	"platformDesc":	"design_1_wrapper",
	"platHandOff":	"<platformDir>.xsa",
	"platIntHandOff":	"<platformDir>/hw/design_1_wrapper.xsa",
	"deviceType":	"zynq",
	"platIsPrebuiltAutogen":	"false",
	"platIsNoBootBsp":	"false",
	"platFsblTarget":	"ps7_cortexa9_0",
	"hasFsblMakeHasChanges":	"false",
	"hasPmufwMakeHasChanges":	"false",
	"fsblExtraCompilerFlags":	"-MMD -MP       -mcpu=cortex-a9 -mfpu=vfpv3 -mfloat-abi=hard ",
	"platPreBuiltFlag":	false,
	"platformSamplesDir":	"",
	"platActiveSys":	"design_1_wrapper",
	"systems":	[{
			"systemName":	"design_1_wrapper",
			"systemDesc":	"design_1_wrapper",
			"sysIsBootAutoGen":	"true",
			"systemDispName":	"design_1_wrapper",
			"sysActiveDom":	"zynq_fsbl",
			"sysDefaultDom":	"",
			"domains":	[{
					"domainName":	"zynq_fsbl",
					"domainDispName":	"zynq_fsbl",
					"domainDesc":	"FSBL Application BSP - Auto Generated.",
					"processors":	"ps7_cortexa9_0",
					"os":	"standalone",
					"sdxOs":	"standalone",
					"debugEnable":	"",
					"domRuntimes":	["cpp"],
					"swRepo":	"",
					"mssOsVer":	"7.6",
					"mssFile":	"",
					"md5Digest":	"3bba37a53eb16dee446165a5bd4dbb5f",
					"compatibleApp":	"zynq_fsbl",
					"domType":	"bootDomain",
					"arch":	"32-bit",
					"appSettings":	{
						"appCompilerFlags":	"",
						"appLinkerFlags":	""
					},
					"addedLibs":	["xilffs:4.6", "xilrsa:1.6"],
					"libOptions":	{
						"libsContainingOptions":	[]
					},
					"prebuiltLibs":	{
						"prebuiltIncPath":	[],
						"prebuiltLibPath":	[]
					},
					"isolation":	{
					}
				}]
		}]
}
TRACE::2025-11-24.00:09:41::SCWMssOS::Saving the mss changes D:/Vivado_Projects/Assignment_3/pc/sw/design_1_wrapper/zynq_fsbl/zynq_fsbl_bsp/system.mss
TRACE::2025-11-24.00:09:41::SCWMssOS::Found a swdesign opened with the mssfile.
TRACE::2025-11-24.00:09:41::SCWMssOS::Completed writemss as part of save.
TRACE::2025-11-24.00:09:41::SCWMssOS::Commit changes completed.
TRACE::2025-11-24.00:09:41::SCWPlatform::Trying to open the hw design at D:/Vivado_Projects/Assignment_3/pc/sw/design_1_wrapper/hw/design_1_wrapper.xsa
TRACE::2025-11-24.00:09:41::SCWPlatform::DSA given D:/Vivado_Projects/Assignment_3/pc/sw/design_1_wrapper/hw/design_1_wrapper.xsa
TRACE::2025-11-24.00:09:41::SCWPlatform::DSA absoulate path D:/Vivado_Projects/Assignment_3/pc/sw/design_1_wrapper/hw/design_1_wrapper.xsa
TRACE::2025-11-24.00:09:41::SCWPlatform::DSA directory D:/Vivado_Projects/Assignment_3/pc/sw/design_1_wrapper/hw
TRACE::2025-11-24.00:09:41::SCWPlatform:: Platform Path D:/Vivado_Projects/Assignment_3/pc/sw/design_1_wrapper/hw/design_1_wrapper.xsa
TRACE::2025-11-24.00:09:41::SCWPlatform:: Unique name xilinx:zedboard::0.0
TRACE::2025-11-24.00:09:41::SCWPlatform::Trying to set the existing hwdb with name design_1_wrapper_0
TRACE::2025-11-24.00:09:41::SCWPlatform::Opened existing hwdb design_1_wrapper_0
TRACE::2025-11-24.00:09:41::SCWPlatform::Found the Hw Db part of the input DSA
TRACE::2025-11-24.00:09:41::SCWMssOS::Checking the sw design at  D:/Vivado_Projects/Assignment_3/pc/sw/design_1_wrapper/zynq_fsbl/zynq_fsbl_bsp/system.mss
TRACE::2025-11-24.00:09:41::SCWMssOS::DEBUG:  swdes dump  D:/Vivado_Projects/Assignment_3/pc/sw/design_1_wrapper/zynq_fsbl/zynq_fsbl_bsp/system.mss|system||

TRACE::2025-11-24.00:09:41::SCWMssOS::Sw design exists and opened at  D:/Vivado_Projects/Assignment_3/pc/sw/design_1_wrapper/zynq_fsbl/zynq_fsbl_bsp/system.mss
TRACE::2025-11-24.00:09:41::SCWPlatform::Trying to open the hw design at D:/Vivado_Projects/Assignment_3/pc/sw/design_1_wrapper/hw/design_1_wrapper.xsa
TRACE::2025-11-24.00:09:41::SCWPlatform::DSA given D:/Vivado_Projects/Assignment_3/pc/sw/design_1_wrapper/hw/design_1_wrapper.xsa
TRACE::2025-11-24.00:09:41::SCWPlatform::DSA absoulate path D:/Vivado_Projects/Assignment_3/pc/sw/design_1_wrapper/hw/design_1_wrapper.xsa
TRACE::2025-11-24.00:09:41::SCWPlatform::DSA directory D:/Vivado_Projects/Assignment_3/pc/sw/design_1_wrapper/hw
TRACE::2025-11-24.00:09:41::SCWPlatform:: Platform Path D:/Vivado_Projects/Assignment_3/pc/sw/design_1_wrapper/hw/design_1_wrapper.xsa
TRACE::2025-11-24.00:09:41::SCWPlatform:: Unique name xilinx:zedboard::0.0
TRACE::2025-11-24.00:09:41::SCWPlatform::Trying to set the existing hwdb with name design_1_wrapper_0
TRACE::2025-11-24.00:09:41::SCWPlatform::Opened existing hwdb design_1_wrapper_0
TRACE::2025-11-24.00:09:41::SCWPlatform::Found the Hw Db part of the input DSA
TRACE::2025-11-24.00:09:41::SCWMssOS::Checking the sw design at  D:/Vivado_Projects/Assignment_3/pc/sw/design_1_wrapper/zynq_fsbl/zynq_fsbl_bsp/system.mss
TRACE::2025-11-24.00:09:41::SCWMssOS::DEBUG:  swdes dump  D:/Vivado_Projects/Assignment_3/pc/sw/design_1_wrapper/zynq_fsbl/zynq_fsbl_bsp/system.mss|system||

TRACE::2025-11-24.00:09:41::SCWMssOS::Sw design exists and opened at  D:/Vivado_Projects/Assignment_3/pc/sw/design_1_wrapper/zynq_fsbl/zynq_fsbl_bsp/system.mss
TRACE::2025-11-24.00:09:41::SCWPlatform::Trying to open the hw design at D:/Vivado_Projects/Assignment_3/pc/sw/design_1_wrapper/hw/design_1_wrapper.xsa
TRACE::2025-11-24.00:09:41::SCWPlatform::DSA given D:/Vivado_Projects/Assignment_3/pc/sw/design_1_wrapper/hw/design_1_wrapper.xsa
TRACE::2025-11-24.00:09:41::SCWPlatform::DSA absoulate path D:/Vivado_Projects/Assignment_3/pc/sw/design_1_wrapper/hw/design_1_wrapper.xsa
TRACE::2025-11-24.00:09:41::SCWPlatform::DSA directory D:/Vivado_Projects/Assignment_3/pc/sw/design_1_wrapper/hw
TRACE::2025-11-24.00:09:41::SCWPlatform:: Platform Path D:/Vivado_Projects/Assignment_3/pc/sw/design_1_wrapper/hw/design_1_wrapper.xsa
TRACE::2025-11-24.00:09:41::SCWPlatform:: Unique name xilinx:zedboard::0.0
TRACE::2025-11-24.00:09:41::SCWPlatform::Trying to set the existing hwdb with name design_1_wrapper_0
TRACE::2025-11-24.00:09:41::SCWPlatform::Opened existing hwdb design_1_wrapper_0
TRACE::2025-11-24.00:09:41::SCWPlatform::Found the Hw Db part of the input DSA
TRACE::2025-11-24.00:09:41::SCWMssOS::Checking the sw design at  D:/Vivado_Projects/Assignment_3/pc/sw/design_1_wrapper/zynq_fsbl/zynq_fsbl_bsp/system.mss
TRACE::2025-11-24.00:09:41::SCWMssOS::DEBUG:  swdes dump  D:/Vivado_Projects/Assignment_3/pc/sw/design_1_wrapper/zynq_fsbl/zynq_fsbl_bsp/system.mss|system||

TRACE::2025-11-24.00:09:41::SCWMssOS::Sw design exists and opened at  D:/Vivado_Projects/Assignment_3/pc/sw/design_1_wrapper/zynq_fsbl/zynq_fsbl_bsp/system.mss
TRACE::2025-11-24.00:09:41::SCWWriter::formatted JSON is {
	"platformName":	"design_1_wrapper",
	"sprVersion":	"2.0",
	"mode":	"gui",
	"dsaType":	"Fixed",
	"platformDesc":	"design_1_wrapper",
	"platHandOff":	"<platformDir>.xsa",
	"platIntHandOff":	"<platformDir>/hw/design_1_wrapper.xsa",
	"deviceType":	"zynq",
	"platIsPrebuiltAutogen":	"false",
	"platIsNoBootBsp":	"false",
	"platFsblTarget":	"ps7_cortexa9_0",
	"hasFsblMakeHasChanges":	"false",
	"hasPmufwMakeHasChanges":	"false",
	"fsblExtraCompilerFlags":	"-MMD -MP       -mcpu=cortex-a9 -mfpu=vfpv3 -mfloat-abi=hard ",
	"platPreBuiltFlag":	false,
	"platformSamplesDir":	"",
	"platActiveSys":	"design_1_wrapper",
	"systems":	[{
			"systemName":	"design_1_wrapper",
			"systemDesc":	"design_1_wrapper",
			"sysIsBootAutoGen":	"true",
			"systemDispName":	"design_1_wrapper",
			"sysActiveDom":	"zynq_fsbl",
			"sysDefaultDom":	"",
			"domains":	[{
					"domainName":	"zynq_fsbl",
					"domainDispName":	"zynq_fsbl",
					"domainDesc":	"FSBL Application BSP - Auto Generated.",
					"processors":	"ps7_cortexa9_0",
					"os":	"standalone",
					"sdxOs":	"standalone",
					"debugEnable":	"",
					"domRuntimes":	["cpp"],
					"swRepo":	"",
					"mssOsVer":	"7.6",
					"mssFile":	"",
					"md5Digest":	"3bba37a53eb16dee446165a5bd4dbb5f",
					"compatibleApp":	"zynq_fsbl",
					"domType":	"bootDomain",
					"arch":	"32-bit",
					"appSettings":	{
						"appCompilerFlags":	"",
						"appLinkerFlags":	""
					},
					"addedLibs":	["xilffs:4.6", "xilrsa:1.6"],
					"libOptions":	{
						"libsContainingOptions":	[]
					},
					"prebuiltLibs":	{
						"prebuiltIncPath":	[],
						"prebuiltLibPath":	[]
					},
					"isolation":	{
					}
				}]
		}]
}
TRACE::2025-11-24.00:09:41::SCWPlatform::Trying to open the hw design at D:/Vivado_Projects/Assignment_3/pc/sw/design_1_wrapper/hw/design_1_wrapper.xsa
TRACE::2025-11-24.00:09:41::SCWPlatform::DSA given D:/Vivado_Projects/Assignment_3/pc/sw/design_1_wrapper/hw/design_1_wrapper.xsa
TRACE::2025-11-24.00:09:41::SCWPlatform::DSA absoulate path D:/Vivado_Projects/Assignment_3/pc/sw/design_1_wrapper/hw/design_1_wrapper.xsa
TRACE::2025-11-24.00:09:41::SCWPlatform::DSA directory D:/Vivado_Projects/Assignment_3/pc/sw/design_1_wrapper/hw
TRACE::2025-11-24.00:09:41::SCWPlatform:: Platform Path D:/Vivado_Projects/Assignment_3/pc/sw/design_1_wrapper/hw/design_1_wrapper.xsa
TRACE::2025-11-24.00:09:41::SCWPlatform:: Unique name xilinx:zedboard::0.0
TRACE::2025-11-24.00:09:41::SCWPlatform::Trying to set the existing hwdb with name design_1_wrapper_0
TRACE::2025-11-24.00:09:41::SCWPlatform::Opened existing hwdb design_1_wrapper_0
TRACE::2025-11-24.00:09:41::SCWPlatform::Found the Hw Db part of the input DSA
TRACE::2025-11-24.00:09:41::SCWDomain::checking for install qemu data   : 
TRACE::2025-11-24.00:09:41::SCWDomain:: Using the QEMU Data from install at  : D:/Softwares/Xilinx/Vitis/2021.2/data/emulation/platforms/zynq/sw/a9_standalone/qemu/
TRACE::2025-11-24.00:09:41::SCWDomain:: Using the QEMU args  from install at  : D:/Softwares/Xilinx/Vitis/2021.2/data/emulation/platforms/zynq/sw/a9_standalone/qemu/qemu_args.txt
TRACE::2025-11-24.00:09:41::SCWPlatform::Trying to open the hw design at D:/Vivado_Projects/Assignment_3/pc/sw/design_1_wrapper/hw/design_1_wrapper.xsa
TRACE::2025-11-24.00:09:41::SCWPlatform::DSA given D:/Vivado_Projects/Assignment_3/pc/sw/design_1_wrapper/hw/design_1_wrapper.xsa
TRACE::2025-11-24.00:09:41::SCWPlatform::DSA absoulate path D:/Vivado_Projects/Assignment_3/pc/sw/design_1_wrapper/hw/design_1_wrapper.xsa
TRACE::2025-11-24.00:09:41::SCWPlatform::DSA directory D:/Vivado_Projects/Assignment_3/pc/sw/design_1_wrapper/hw
TRACE::2025-11-24.00:09:41::SCWPlatform:: Platform Path D:/Vivado_Projects/Assignment_3/pc/sw/design_1_wrapper/hw/design_1_wrapper.xsa
TRACE::2025-11-24.00:09:41::SCWPlatform:: Unique name xilinx:zedboard::0.0
TRACE::2025-11-24.00:09:41::SCWPlatform::Trying to set the existing hwdb with name design_1_wrapper_0
TRACE::2025-11-24.00:09:41::SCWPlatform::Opened existing hwdb design_1_wrapper_0
TRACE::2025-11-24.00:09:41::SCWPlatform::Found the Hw Db part of the input DSA
TRACE::2025-11-24.00:09:41::SCWPlatform::Trying to open the hw design at D:/Vivado_Projects/Assignment_3/pc/sw/design_1_wrapper/hw/design_1_wrapper.xsa
TRACE::2025-11-24.00:09:41::SCWPlatform::DSA given D:/Vivado_Projects/Assignment_3/pc/sw/design_1_wrapper/hw/design_1_wrapper.xsa
TRACE::2025-11-24.00:09:41::SCWPlatform::DSA absoulate path D:/Vivado_Projects/Assignment_3/pc/sw/design_1_wrapper/hw/design_1_wrapper.xsa
TRACE::2025-11-24.00:09:41::SCWPlatform::DSA directory D:/Vivado_Projects/Assignment_3/pc/sw/design_1_wrapper/hw
TRACE::2025-11-24.00:09:41::SCWPlatform:: Platform Path D:/Vivado_Projects/Assignment_3/pc/sw/design_1_wrapper/hw/design_1_wrapper.xsa
TRACE::2025-11-24.00:09:41::SCWPlatform:: Unique name xilinx:zedboard::0.0
TRACE::2025-11-24.00:09:41::SCWPlatform::Trying to set the existing hwdb with name design_1_wrapper_0
TRACE::2025-11-24.00:09:41::SCWPlatform::Opened existing hwdb design_1_wrapper_0
TRACE::2025-11-24.00:09:41::SCWPlatform::Found the Hw Db part of the input DSA
TRACE::2025-11-24.00:09:41::SCWPlatform::Trying to open the hw design at D:/Vivado_Projects/Assignment_3/pc/sw/design_1_wrapper/hw/design_1_wrapper.xsa
TRACE::2025-11-24.00:09:41::SCWPlatform::DSA given D:/Vivado_Projects/Assignment_3/pc/sw/design_1_wrapper/hw/design_1_wrapper.xsa
TRACE::2025-11-24.00:09:41::SCWPlatform::DSA absoulate path D:/Vivado_Projects/Assignment_3/pc/sw/design_1_wrapper/hw/design_1_wrapper.xsa
TRACE::2025-11-24.00:09:41::SCWPlatform::DSA directory D:/Vivado_Projects/Assignment_3/pc/sw/design_1_wrapper/hw
TRACE::2025-11-24.00:09:41::SCWPlatform:: Platform Path D:/Vivado_Projects/Assignment_3/pc/sw/design_1_wrapper/hw/design_1_wrapper.xsa
TRACE::2025-11-24.00:09:41::SCWPlatform:: Unique name xilinx:zedboard::0.0
TRACE::2025-11-24.00:09:41::SCWPlatform::Trying to set the existing hwdb with name design_1_wrapper_0
TRACE::2025-11-24.00:09:41::SCWPlatform::Opened existing hwdb design_1_wrapper_0
TRACE::2025-11-24.00:09:41::SCWPlatform::Found the Hw Db part of the input DSA
TRACE::2025-11-24.00:09:41::SCWMssOS::Checking the sw design at  D:/Vivado_Projects/Assignment_3/pc/sw/design_1_wrapper/ps7_cortexa9_0/freertos10_xilinx_ps7_cortexa9_0/bsp/system.mss
TRACE::2025-11-24.00:09:41::SCWMssOS::DEBUG:  swdes dump  D:/Vivado_Projects/Assignment_3/pc/sw/design_1_wrapper/zynq_fsbl/zynq_fsbl_bsp/system.mss|system||

TRACE::2025-11-24.00:09:41::SCWMssOS::No sw design opened at  D:/Vivado_Projects/Assignment_3/pc/sw/design_1_wrapper/ps7_cortexa9_0/freertos10_xilinx_ps7_cortexa9_0/bsp/system.mss
TRACE::2025-11-24.00:09:41::SCWMssOS::mss does not exists at D:/Vivado_Projects/Assignment_3/pc/sw/design_1_wrapper/ps7_cortexa9_0/freertos10_xilinx_ps7_cortexa9_0/bsp/system.mss
TRACE::2025-11-24.00:09:41::SCWMssOS::Creating sw design at  D:/Vivado_Projects/Assignment_3/pc/sw/design_1_wrapper/ps7_cortexa9_0/freertos10_xilinx_ps7_cortexa9_0/bsp/system.mss
TRACE::2025-11-24.00:09:41::SCWMssOS::Adding the swdes entry, created swdb D:/Vivado_Projects/Assignment_3/pc/sw/design_1_wrapper/ps7_cortexa9_0/freertos10_xilinx_ps7_cortexa9_0/bsp/system.mss with des name D:/Vivado_Projects/Assignment_3/pc/sw/design_1_wrapper/ps7_cortexa9_0/freertos10_xilinx_ps7_cortexa9_0/bsp/system.mss
TRACE::2025-11-24.00:09:41::SCWMssOS::updating the scw layer changes to swdes at   D:/Vivado_Projects/Assignment_3/pc/sw/design_1_wrapper/ps7_cortexa9_0/freertos10_xilinx_ps7_cortexa9_0/bsp/system.mss
TRACE::2025-11-24.00:09:41::SCWMssOS::Writing mss at D:/Vivado_Projects/Assignment_3/pc/sw/design_1_wrapper/ps7_cortexa9_0/freertos10_xilinx_ps7_cortexa9_0/bsp/system.mss
TRACE::2025-11-24.00:09:41::SCWMssOS::Completed writing the mss file at D:/Vivado_Projects/Assignment_3/pc/sw/design_1_wrapper/ps7_cortexa9_0/freertos10_xilinx_ps7_cortexa9_0/bsp
TRACE::2025-11-24.00:09:41::SCWMssOS::Picking up changes from newly written mss file into SCW Layer. 
TRACE::2025-11-24.00:09:41::SCWMssOS::Updated the changes from newly written mss file into SCW Layer. 
TRACE::2025-11-24.00:09:41::SCWMssOS::Completed writing the mss file at D:/Vivado_Projects/Assignment_3/pc/sw/design_1_wrapper/ps7_cortexa9_0/freertos10_xilinx_ps7_cortexa9_0/bsp
TRACE::2025-11-24.00:09:41::SCWMssOS::Forcing BSP Sources regeneration.
TRACE::2025-11-24.00:09:42::SCWMssOS::Saving the mss changes D:/Vivado_Projects/Assignment_3/pc/sw/design_1_wrapper/zynq_fsbl/zynq_fsbl_bsp/system.mss
TRACE::2025-11-24.00:09:42::SCWMssOS::Found a swdesign opened with the mssfile.
TRACE::2025-11-24.00:09:42::SCWMssOS::Completed writemss as part of save.
TRACE::2025-11-24.00:09:42::SCWMssOS::Commit changes completed.
TRACE::2025-11-24.00:09:42::SCWMssOS::Saving the mss changes D:/Vivado_Projects/Assignment_3/pc/sw/design_1_wrapper/ps7_cortexa9_0/freertos10_xilinx_ps7_cortexa9_0/bsp/system.mss
TRACE::2025-11-24.00:09:42::SCWMssOS::Adding the swdes entry, mss present, able to open swdb D:/Vivado_Projects/Assignment_3/pc/sw/design_1_wrapper/ps7_cortexa9_0/freertos10_xilinx_ps7_cortexa9_0/bsp/system.mss with des name system_0
TRACE::2025-11-24.00:09:42::SCWMssOS::Writing the mss file completed D:/Vivado_Projects/Assignment_3/pc/sw/design_1_wrapper/ps7_cortexa9_0/freertos10_xilinx_ps7_cortexa9_0/bsp/system.mss
TRACE::2025-11-24.00:09:42::SCWMssOS::Commit changes completed.
TRACE::2025-11-24.00:09:42::SCWPlatform::Trying to open the hw design at D:/Vivado_Projects/Assignment_3/pc/sw/design_1_wrapper/hw/design_1_wrapper.xsa
TRACE::2025-11-24.00:09:42::SCWPlatform::DSA given D:/Vivado_Projects/Assignment_3/pc/sw/design_1_wrapper/hw/design_1_wrapper.xsa
TRACE::2025-11-24.00:09:42::SCWPlatform::DSA absoulate path D:/Vivado_Projects/Assignment_3/pc/sw/design_1_wrapper/hw/design_1_wrapper.xsa
TRACE::2025-11-24.00:09:42::SCWPlatform::DSA directory D:/Vivado_Projects/Assignment_3/pc/sw/design_1_wrapper/hw
TRACE::2025-11-24.00:09:42::SCWPlatform:: Platform Path D:/Vivado_Projects/Assignment_3/pc/sw/design_1_wrapper/hw/design_1_wrapper.xsa
TRACE::2025-11-24.00:09:42::SCWPlatform:: Unique name xilinx:zedboard::0.0
TRACE::2025-11-24.00:09:42::SCWPlatform::Trying to set the existing hwdb with name design_1_wrapper_0
TRACE::2025-11-24.00:09:42::SCWPlatform::Opened existing hwdb design_1_wrapper_0
TRACE::2025-11-24.00:09:42::SCWPlatform::Found the Hw Db part of the input DSA
TRACE::2025-11-24.00:09:42::SCWMssOS::Checking the sw design at  D:/Vivado_Projects/Assignment_3/pc/sw/design_1_wrapper/zynq_fsbl/zynq_fsbl_bsp/system.mss
TRACE::2025-11-24.00:09:42::SCWMssOS::DEBUG:  swdes dump  D:/Vivado_Projects/Assignment_3/pc/sw/design_1_wrapper/ps7_cortexa9_0/freertos10_xilinx_ps7_cortexa9_0/bsp/system.mss|system_0||
D:/Vivado_Projects/Assignment_3/pc/sw/design_1_wrapper/zynq_fsbl/zynq_fsbl_bsp/system.mss|system||

TRACE::2025-11-24.00:09:42::SCWMssOS::Sw design exists and opened at  D:/Vivado_Projects/Assignment_3/pc/sw/design_1_wrapper/zynq_fsbl/zynq_fsbl_bsp/system.mss
TRACE::2025-11-24.00:09:42::SCWPlatform::Trying to open the hw design at D:/Vivado_Projects/Assignment_3/pc/sw/design_1_wrapper/hw/design_1_wrapper.xsa
TRACE::2025-11-24.00:09:42::SCWPlatform::DSA given D:/Vivado_Projects/Assignment_3/pc/sw/design_1_wrapper/hw/design_1_wrapper.xsa
TRACE::2025-11-24.00:09:42::SCWPlatform::DSA absoulate path D:/Vivado_Projects/Assignment_3/pc/sw/design_1_wrapper/hw/design_1_wrapper.xsa
TRACE::2025-11-24.00:09:42::SCWPlatform::DSA directory D:/Vivado_Projects/Assignment_3/pc/sw/design_1_wrapper/hw
TRACE::2025-11-24.00:09:42::SCWPlatform:: Platform Path D:/Vivado_Projects/Assignment_3/pc/sw/design_1_wrapper/hw/design_1_wrapper.xsa
TRACE::2025-11-24.00:09:42::SCWPlatform:: Unique name xilinx:zedboard::0.0
TRACE::2025-11-24.00:09:42::SCWPlatform::Trying to set the existing hwdb with name design_1_wrapper_0
TRACE::2025-11-24.00:09:42::SCWPlatform::Opened existing hwdb design_1_wrapper_0
TRACE::2025-11-24.00:09:42::SCWPlatform::Found the Hw Db part of the input DSA
TRACE::2025-11-24.00:09:42::SCWMssOS::Checking the sw design at  D:/Vivado_Projects/Assignment_3/pc/sw/design_1_wrapper/zynq_fsbl/zynq_fsbl_bsp/system.mss
TRACE::2025-11-24.00:09:42::SCWMssOS::DEBUG:  swdes dump  D:/Vivado_Projects/Assignment_3/pc/sw/design_1_wrapper/ps7_cortexa9_0/freertos10_xilinx_ps7_cortexa9_0/bsp/system.mss|system_0||
D:/Vivado_Projects/Assignment_3/pc/sw/design_1_wrapper/zynq_fsbl/zynq_fsbl_bsp/system.mss|system||

TRACE::2025-11-24.00:09:42::SCWMssOS::Sw design exists and opened at  D:/Vivado_Projects/Assignment_3/pc/sw/design_1_wrapper/zynq_fsbl/zynq_fsbl_bsp/system.mss
TRACE::2025-11-24.00:09:42::SCWPlatform::Trying to open the hw design at D:/Vivado_Projects/Assignment_3/pc/sw/design_1_wrapper/hw/design_1_wrapper.xsa
TRACE::2025-11-24.00:09:42::SCWPlatform::DSA given D:/Vivado_Projects/Assignment_3/pc/sw/design_1_wrapper/hw/design_1_wrapper.xsa
TRACE::2025-11-24.00:09:42::SCWPlatform::DSA absoulate path D:/Vivado_Projects/Assignment_3/pc/sw/design_1_wrapper/hw/design_1_wrapper.xsa
TRACE::2025-11-24.00:09:42::SCWPlatform::DSA directory D:/Vivado_Projects/Assignment_3/pc/sw/design_1_wrapper/hw
TRACE::2025-11-24.00:09:42::SCWPlatform:: Platform Path D:/Vivado_Projects/Assignment_3/pc/sw/design_1_wrapper/hw/design_1_wrapper.xsa
TRACE::2025-11-24.00:09:42::SCWPlatform:: Unique name xilinx:zedboard::0.0
TRACE::2025-11-24.00:09:42::SCWPlatform::Trying to set the existing hwdb with name design_1_wrapper_0
TRACE::2025-11-24.00:09:42::SCWPlatform::Opened existing hwdb design_1_wrapper_0
TRACE::2025-11-24.00:09:42::SCWPlatform::Found the Hw Db part of the input DSA
TRACE::2025-11-24.00:09:42::SCWMssOS::Checking the sw design at  D:/Vivado_Projects/Assignment_3/pc/sw/design_1_wrapper/zynq_fsbl/zynq_fsbl_bsp/system.mss
TRACE::2025-11-24.00:09:42::SCWMssOS::DEBUG:  swdes dump  D:/Vivado_Projects/Assignment_3/pc/sw/design_1_wrapper/ps7_cortexa9_0/freertos10_xilinx_ps7_cortexa9_0/bsp/system.mss|system_0||
D:/Vivado_Projects/Assignment_3/pc/sw/design_1_wrapper/zynq_fsbl/zynq_fsbl_bsp/system.mss|system||

TRACE::2025-11-24.00:09:42::SCWMssOS::Sw design exists and opened at  D:/Vivado_Projects/Assignment_3/pc/sw/design_1_wrapper/zynq_fsbl/zynq_fsbl_bsp/system.mss
TRACE::2025-11-24.00:09:42::SCWPlatform::Trying to open the hw design at D:/Vivado_Projects/Assignment_3/pc/sw/design_1_wrapper/hw/design_1_wrapper.xsa
TRACE::2025-11-24.00:09:42::SCWPlatform::DSA given D:/Vivado_Projects/Assignment_3/pc/sw/design_1_wrapper/hw/design_1_wrapper.xsa
TRACE::2025-11-24.00:09:42::SCWPlatform::DSA absoulate path D:/Vivado_Projects/Assignment_3/pc/sw/design_1_wrapper/hw/design_1_wrapper.xsa
TRACE::2025-11-24.00:09:42::SCWPlatform::DSA directory D:/Vivado_Projects/Assignment_3/pc/sw/design_1_wrapper/hw
TRACE::2025-11-24.00:09:42::SCWPlatform:: Platform Path D:/Vivado_Projects/Assignment_3/pc/sw/design_1_wrapper/hw/design_1_wrapper.xsa
TRACE::2025-11-24.00:09:42::SCWPlatform:: Unique name xilinx:zedboard::0.0
TRACE::2025-11-24.00:09:42::SCWPlatform::Trying to set the existing hwdb with name design_1_wrapper_0
TRACE::2025-11-24.00:09:42::SCWPlatform::Opened existing hwdb design_1_wrapper_0
TRACE::2025-11-24.00:09:42::SCWPlatform::Found the Hw Db part of the input DSA
TRACE::2025-11-24.00:09:42::SCWMssOS::Checking the sw design at  D:/Vivado_Projects/Assignment_3/pc/sw/design_1_wrapper/ps7_cortexa9_0/freertos10_xilinx_ps7_cortexa9_0/bsp/system.mss
TRACE::2025-11-24.00:09:42::SCWMssOS::DEBUG:  swdes dump  D:/Vivado_Projects/Assignment_3/pc/sw/design_1_wrapper/ps7_cortexa9_0/freertos10_xilinx_ps7_cortexa9_0/bsp/system.mss|system_0||
D:/Vivado_Projects/Assignment_3/pc/sw/design_1_wrapper/zynq_fsbl/zynq_fsbl_bsp/system.mss|system||

TRACE::2025-11-24.00:09:42::SCWMssOS::Sw design exists and opened at  D:/Vivado_Projects/Assignment_3/pc/sw/design_1_wrapper/ps7_cortexa9_0/freertos10_xilinx_ps7_cortexa9_0/bsp/system.mss
TRACE::2025-11-24.00:09:42::SCWPlatform::Trying to open the hw design at D:/Vivado_Projects/Assignment_3/pc/sw/design_1_wrapper/hw/design_1_wrapper.xsa
TRACE::2025-11-24.00:09:42::SCWPlatform::DSA given D:/Vivado_Projects/Assignment_3/pc/sw/design_1_wrapper/hw/design_1_wrapper.xsa
TRACE::2025-11-24.00:09:42::SCWPlatform::DSA absoulate path D:/Vivado_Projects/Assignment_3/pc/sw/design_1_wrapper/hw/design_1_wrapper.xsa
TRACE::2025-11-24.00:09:42::SCWPlatform::DSA directory D:/Vivado_Projects/Assignment_3/pc/sw/design_1_wrapper/hw
TRACE::2025-11-24.00:09:42::SCWPlatform:: Platform Path D:/Vivado_Projects/Assignment_3/pc/sw/design_1_wrapper/hw/design_1_wrapper.xsa
TRACE::2025-11-24.00:09:42::SCWPlatform:: Unique name xilinx:zedboard::0.0
TRACE::2025-11-24.00:09:42::SCWPlatform::Trying to set the existing hwdb with name design_1_wrapper_0
TRACE::2025-11-24.00:09:42::SCWPlatform::Opened existing hwdb design_1_wrapper_0
TRACE::2025-11-24.00:09:42::SCWPlatform::Found the Hw Db part of the input DSA
TRACE::2025-11-24.00:09:42::SCWMssOS::Checking the sw design at  D:/Vivado_Projects/Assignment_3/pc/sw/design_1_wrapper/ps7_cortexa9_0/freertos10_xilinx_ps7_cortexa9_0/bsp/system.mss
TRACE::2025-11-24.00:09:42::SCWMssOS::DEBUG:  swdes dump  D:/Vivado_Projects/Assignment_3/pc/sw/design_1_wrapper/ps7_cortexa9_0/freertos10_xilinx_ps7_cortexa9_0/bsp/system.mss|system_0||
D:/Vivado_Projects/Assignment_3/pc/sw/design_1_wrapper/zynq_fsbl/zynq_fsbl_bsp/system.mss|system||

TRACE::2025-11-24.00:09:42::SCWMssOS::Sw design exists and opened at  D:/Vivado_Projects/Assignment_3/pc/sw/design_1_wrapper/ps7_cortexa9_0/freertos10_xilinx_ps7_cortexa9_0/bsp/system.mss
TRACE::2025-11-24.00:09:42::SCWPlatform::Trying to open the hw design at D:/Vivado_Projects/Assignment_3/pc/sw/design_1_wrapper/hw/design_1_wrapper.xsa
TRACE::2025-11-24.00:09:42::SCWPlatform::DSA given D:/Vivado_Projects/Assignment_3/pc/sw/design_1_wrapper/hw/design_1_wrapper.xsa
TRACE::2025-11-24.00:09:42::SCWPlatform::DSA absoulate path D:/Vivado_Projects/Assignment_3/pc/sw/design_1_wrapper/hw/design_1_wrapper.xsa
TRACE::2025-11-24.00:09:42::SCWPlatform::DSA directory D:/Vivado_Projects/Assignment_3/pc/sw/design_1_wrapper/hw
TRACE::2025-11-24.00:09:42::SCWPlatform:: Platform Path D:/Vivado_Projects/Assignment_3/pc/sw/design_1_wrapper/hw/design_1_wrapper.xsa
TRACE::2025-11-24.00:09:42::SCWPlatform:: Unique name xilinx:zedboard::0.0
TRACE::2025-11-24.00:09:42::SCWPlatform::Trying to set the existing hwdb with name design_1_wrapper_0
TRACE::2025-11-24.00:09:42::SCWPlatform::Opened existing hwdb design_1_wrapper_0
TRACE::2025-11-24.00:09:42::SCWPlatform::Found the Hw Db part of the input DSA
TRACE::2025-11-24.00:09:42::SCWMssOS::Checking the sw design at  D:/Vivado_Projects/Assignment_3/pc/sw/design_1_wrapper/ps7_cortexa9_0/freertos10_xilinx_ps7_cortexa9_0/bsp/system.mss
TRACE::2025-11-24.00:09:42::SCWMssOS::DEBUG:  swdes dump  D:/Vivado_Projects/Assignment_3/pc/sw/design_1_wrapper/ps7_cortexa9_0/freertos10_xilinx_ps7_cortexa9_0/bsp/system.mss|system_0||
D:/Vivado_Projects/Assignment_3/pc/sw/design_1_wrapper/zynq_fsbl/zynq_fsbl_bsp/system.mss|system||

TRACE::2025-11-24.00:09:42::SCWMssOS::Sw design exists and opened at  D:/Vivado_Projects/Assignment_3/pc/sw/design_1_wrapper/ps7_cortexa9_0/freertos10_xilinx_ps7_cortexa9_0/bsp/system.mss
TRACE::2025-11-24.00:09:42::SCWWriter::formatted JSON is {
	"platformName":	"design_1_wrapper",
	"sprVersion":	"2.0",
	"mode":	"gui",
	"dsaType":	"Fixed",
	"platformDesc":	"design_1_wrapper",
	"platHandOff":	"<platformDir>.xsa",
	"platIntHandOff":	"<platformDir>/hw/design_1_wrapper.xsa",
	"deviceType":	"zynq",
	"platIsPrebuiltAutogen":	"false",
	"platIsNoBootBsp":	"false",
	"platFsblTarget":	"ps7_cortexa9_0",
	"hasFsblMakeHasChanges":	"false",
	"hasPmufwMakeHasChanges":	"false",
	"fsblExtraCompilerFlags":	"-MMD -MP       -mcpu=cortex-a9 -mfpu=vfpv3 -mfloat-abi=hard ",
	"platPreBuiltFlag":	false,
	"platformSamplesDir":	"",
	"platActiveSys":	"design_1_wrapper",
	"systems":	[{
			"systemName":	"design_1_wrapper",
			"systemDesc":	"design_1_wrapper",
			"sysIsBootAutoGen":	"true",
			"systemDispName":	"design_1_wrapper",
			"sysActiveDom":	"freertos10_xilinx_ps7_cortexa9_0",
			"sysDefaultDom":	"freertos10_xilinx_ps7_cortexa9_0",
			"domains":	[{
					"domainName":	"zynq_fsbl",
					"domainDispName":	"zynq_fsbl",
					"domainDesc":	"FSBL Application BSP - Auto Generated.",
					"processors":	"ps7_cortexa9_0",
					"os":	"standalone",
					"sdxOs":	"standalone",
					"debugEnable":	"",
					"domRuntimes":	["cpp"],
					"swRepo":	"",
					"mssOsVer":	"7.6",
					"mssFile":	"",
					"md5Digest":	"3bba37a53eb16dee446165a5bd4dbb5f",
					"compatibleApp":	"zynq_fsbl",
					"domType":	"bootDomain",
					"arch":	"32-bit",
					"appSettings":	{
						"appCompilerFlags":	"",
						"appLinkerFlags":	""
					},
					"addedLibs":	["xilffs:4.6", "xilrsa:1.6"],
					"libOptions":	{
						"libsContainingOptions":	[]
					},
					"prebuiltLibs":	{
						"prebuiltIncPath":	[],
						"prebuiltLibPath":	[]
					},
					"isolation":	{
					}
				}, {
					"domainName":	"freertos10_xilinx_ps7_cortexa9_0",
					"domainDispName":	"freertos10_xilinx_ps7_cortexa9_0",
					"domainDesc":	"freertos10_xilinx_ps7_cortexa9_0",
					"processors":	"ps7_cortexa9_0",
					"os":	"freertos10_xilinx",
					"sdxOs":	"freertos10_xilinx",
					"qemuArgs":	"D:/Softwares/Xilinx/Vitis/2021.2/data/emulation/platforms/zynq/sw/a9_standalone/qemu/qemu_args.txt",
					"qemuData":	"D:/Softwares/Xilinx/Vitis/2021.2/data/emulation/platforms/zynq/sw/a9_standalone/qemu/",
					"debugEnable":	"False",
					"domRuntimes":	["cpp"],
					"swRepo":	"",
					"mssOsVer":	"1.10",
					"mssFile":	"",
					"md5Digest":	"4dc11a1cd5cf137f66a29bd78f0fc694",
					"compatibleApp":	"empty_application",
					"domType":	"mssDomain",
					"arch":	"32-bit",
					"appSettings":	{
						"appCompilerFlags":	"",
						"appLinkerFlags":	""
					},
					"addedLibs":	[],
					"libOptions":	{
						"libsContainingOptions":	[]
					},
					"prebuiltLibs":	{
						"prebuiltIncPath":	[],
						"prebuiltLibPath":	[]
					},
					"isolation":	{
					}
				}]
		}]
}
LOG::2025-11-24.00:09:42::SCWPlatform::Started generating the artifacts platform design_1_wrapper
TRACE::2025-11-24.00:09:42::SCWPlatform::Sanity checking of platform is completed
LOG::2025-11-24.00:09:42::SCWPlatform::Started generating the artifacts for system configuration design_1_wrapper
LOG::2025-11-24.00:09:42::SCWSystem::Checking the domain zynq_fsbl
LOG::2025-11-24.00:09:42::SCWSystem::Doing application build for :  zynq_fsbl
TRACE::2025-11-24.00:09:42::SCWBDomain::Not a forced makefile updation, No changes are present. 
TRACE::2025-11-24.00:09:42::SCWDomain::Skipping the build for domain :  zynq_fsbl
LOG::2025-11-24.00:09:42::SCWSystem::Checking the domain freertos10_xilinx_ps7_cortexa9_0
LOG::2025-11-24.00:09:42::SCWSystem::Not a boot domain 
LOG::2025-11-24.00:09:42::SCWSystem::Started Processing the domain freertos10_xilinx_ps7_cortexa9_0
TRACE::2025-11-24.00:09:42::SCWDomain::Generating domain artifcats
TRACE::2025-11-24.00:09:42::SCWMssOS::Generating standalone artifcats
TRACE::2025-11-24.00:09:42::SCWMssOS::Copying the qemu file from  D:/Softwares/Xilinx/Vitis/2021.2/data/emulation/platforms/zynq/sw/a9_standalone/qemu/qemu_args.txt To D:/Vivado_Projects/Assignment_3/pc/sw/design_1_wrapper/export/design_1_wrapper/sw/design_1_wrapper/qemu/
TRACE::2025-11-24.00:09:42::SCWMssOS::Copying the qemu file from  D:/Softwares/Xilinx/Vitis/2021.2/data/emulation/platforms/zynq/sw/a9_standalone/qemu/qemu_args.txt To D:/Vivado_Projects/Assignment_3/pc/sw/design_1_wrapper/export/design_1_wrapper/sw/design_1_wrapper/freertos10_xilinx_ps7_cortexa9_0/qemu/
TRACE::2025-11-24.00:09:42::SCWMssOS:: Copying the user libraries. 
TRACE::2025-11-24.00:09:42::SCWPlatform::Trying to open the hw design at D:/Vivado_Projects/Assignment_3/pc/sw/design_1_wrapper/hw/design_1_wrapper.xsa
TRACE::2025-11-24.00:09:42::SCWPlatform::DSA given D:/Vivado_Projects/Assignment_3/pc/sw/design_1_wrapper/hw/design_1_wrapper.xsa
TRACE::2025-11-24.00:09:42::SCWPlatform::DSA absoulate path D:/Vivado_Projects/Assignment_3/pc/sw/design_1_wrapper/hw/design_1_wrapper.xsa
TRACE::2025-11-24.00:09:42::SCWPlatform::DSA directory D:/Vivado_Projects/Assignment_3/pc/sw/design_1_wrapper/hw
TRACE::2025-11-24.00:09:42::SCWPlatform:: Platform Path D:/Vivado_Projects/Assignment_3/pc/sw/design_1_wrapper/hw/design_1_wrapper.xsa
TRACE::2025-11-24.00:09:42::SCWPlatform:: Unique name xilinx:zedboard::0.0
TRACE::2025-11-24.00:09:42::SCWPlatform::Trying to set the existing hwdb with name design_1_wrapper_0
TRACE::2025-11-24.00:09:42::SCWPlatform::Opened existing hwdb design_1_wrapper_0
TRACE::2025-11-24.00:09:42::SCWPlatform::Found the Hw Db part of the input DSA
TRACE::2025-11-24.00:09:42::SCWMssOS::Checking the sw design at  D:/Vivado_Projects/Assignment_3/pc/sw/design_1_wrapper/ps7_cortexa9_0/freertos10_xilinx_ps7_cortexa9_0/bsp/system.mss
TRACE::2025-11-24.00:09:42::SCWMssOS::DEBUG:  swdes dump  D:/Vivado_Projects/Assignment_3/pc/sw/design_1_wrapper/ps7_cortexa9_0/freertos10_xilinx_ps7_cortexa9_0/bsp/system.mss|system_0||
D:/Vivado_Projects/Assignment_3/pc/sw/design_1_wrapper/zynq_fsbl/zynq_fsbl_bsp/system.mss|system||

TRACE::2025-11-24.00:09:42::SCWMssOS::Sw design exists and opened at  D:/Vivado_Projects/Assignment_3/pc/sw/design_1_wrapper/ps7_cortexa9_0/freertos10_xilinx_ps7_cortexa9_0/bsp/system.mss
TRACE::2025-11-24.00:09:42::SCWMssOS::Completed writing the mss file at D:/Vivado_Projects/Assignment_3/pc/sw/design_1_wrapper/ps7_cortexa9_0/freertos10_xilinx_ps7_cortexa9_0/bsp
TRACE::2025-11-24.00:09:42::SCWMssOS::Mss edits present, copying mssfile into export location D:/Vivado_Projects/Assignment_3/pc/sw/design_1_wrapper/ps7_cortexa9_0/freertos10_xilinx_ps7_cortexa9_0/bsp/system.mss
TRACE::2025-11-24.00:09:42::SCWMssOS::bsp generated is upto date with the mss file. Skipping bsp generation.
TRACE::2025-11-24.00:09:42::SCWMssOS::BSP is already built. skipping the bsp build ... 
TRACE::2025-11-24.00:09:42::SCWDomain::Skipping the build for domain :  freertos10_xilinx_ps7_cortexa9_0
TRACE::2025-11-24.00:09:42::SCWMssOS::skipping the bsp build ... 
TRACE::2025-11-24.00:09:42::SCWMssOS::Copying to export directory.
TRACE::2025-11-24.00:09:42::SCWMssOS:: Checking if to create the Supporting Applications
TRACE::2025-11-24.00:09:42::SCWMssOS:: No Linux domain exists, trying to generate FSBL 
TRACE::2025-11-24.00:09:42::SCWMssOS:: Completed Standalone Artifacts creation 
LOG::2025-11-24.00:09:42::SCWSystem::Completed Processing the domain freertos10_xilinx_ps7_cortexa9_0
LOG::2025-11-24.00:09:42::SCWSystem::Completed Processing the sysconfig design_1_wrapper
LOG::2025-11-24.00:09:42::SCWPlatform::Completed generating the artifacts for system configuration design_1_wrapper
TRACE::2025-11-24.00:09:42::SCWPlatform::Started preparing the platform 
TRACE::2025-11-24.00:09:42::SCWSystem::Writing the bif file for system config design_1_wrapper
TRACE::2025-11-24.00:09:42::SCWSystem::dir created 
TRACE::2025-11-24.00:09:42::SCWSystem::Writing the bif 
TRACE::2025-11-24.00:09:42::SCWPlatform::Started writing the spfm file 
TRACE::2025-11-24.00:09:42::SCWPlatform::Started writing the xpfm file 
TRACE::2025-11-24.00:09:42::SCWPlatform::Completed generating the platform
TRACE::2025-11-24.00:09:42::SCWMssOS::Saving the mss changes D:/Vivado_Projects/Assignment_3/pc/sw/design_1_wrapper/zynq_fsbl/zynq_fsbl_bsp/system.mss
TRACE::2025-11-24.00:09:42::SCWMssOS::Found a swdesign opened with the mssfile.
TRACE::2025-11-24.00:09:42::SCWMssOS::Completed writemss as part of save.
TRACE::2025-11-24.00:09:42::SCWMssOS::Commit changes completed.
TRACE::2025-11-24.00:09:42::SCWMssOS::Saving the mss changes D:/Vivado_Projects/Assignment_3/pc/sw/design_1_wrapper/ps7_cortexa9_0/freertos10_xilinx_ps7_cortexa9_0/bsp/system.mss
TRACE::2025-11-24.00:09:42::SCWMssOS::Found a swdesign opened with the mssfile.
TRACE::2025-11-24.00:09:42::SCWMssOS::Completed writemss as part of save.
TRACE::2025-11-24.00:09:42::SCWMssOS::Commit changes completed.
TRACE::2025-11-24.00:09:42::SCWPlatform::Trying to open the hw design at D:/Vivado_Projects/Assignment_3/pc/sw/design_1_wrapper/hw/design_1_wrapper.xsa
TRACE::2025-11-24.00:09:42::SCWPlatform::DSA given D:/Vivado_Projects/Assignment_3/pc/sw/design_1_wrapper/hw/design_1_wrapper.xsa
TRACE::2025-11-24.00:09:42::SCWPlatform::DSA absoulate path D:/Vivado_Projects/Assignment_3/pc/sw/design_1_wrapper/hw/design_1_wrapper.xsa
TRACE::2025-11-24.00:09:42::SCWPlatform::DSA directory D:/Vivado_Projects/Assignment_3/pc/sw/design_1_wrapper/hw
TRACE::2025-11-24.00:09:42::SCWPlatform:: Platform Path D:/Vivado_Projects/Assignment_3/pc/sw/design_1_wrapper/hw/design_1_wrapper.xsa
TRACE::2025-11-24.00:09:42::SCWPlatform:: Unique name xilinx:zedboard::0.0
TRACE::2025-11-24.00:09:42::SCWPlatform::Trying to set the existing hwdb with name design_1_wrapper_0
TRACE::2025-11-24.00:09:42::SCWPlatform::Opened existing hwdb design_1_wrapper_0
TRACE::2025-11-24.00:09:42::SCWPlatform::Found the Hw Db part of the input DSA
TRACE::2025-11-24.00:09:42::SCWMssOS::Checking the sw design at  D:/Vivado_Projects/Assignment_3/pc/sw/design_1_wrapper/zynq_fsbl/zynq_fsbl_bsp/system.mss
TRACE::2025-11-24.00:09:42::SCWMssOS::DEBUG:  swdes dump  D:/Vivado_Projects/Assignment_3/pc/sw/design_1_wrapper/ps7_cortexa9_0/freertos10_xilinx_ps7_cortexa9_0/bsp/system.mss|system_0||
D:/Vivado_Projects/Assignment_3/pc/sw/design_1_wrapper/zynq_fsbl/zynq_fsbl_bsp/system.mss|system||

TRACE::2025-11-24.00:09:42::SCWMssOS::Sw design exists and opened at  D:/Vivado_Projects/Assignment_3/pc/sw/design_1_wrapper/zynq_fsbl/zynq_fsbl_bsp/system.mss
TRACE::2025-11-24.00:09:42::SCWPlatform::Trying to open the hw design at D:/Vivado_Projects/Assignment_3/pc/sw/design_1_wrapper/hw/design_1_wrapper.xsa
TRACE::2025-11-24.00:09:42::SCWPlatform::DSA given D:/Vivado_Projects/Assignment_3/pc/sw/design_1_wrapper/hw/design_1_wrapper.xsa
TRACE::2025-11-24.00:09:42::SCWPlatform::DSA absoulate path D:/Vivado_Projects/Assignment_3/pc/sw/design_1_wrapper/hw/design_1_wrapper.xsa
TRACE::2025-11-24.00:09:42::SCWPlatform::DSA directory D:/Vivado_Projects/Assignment_3/pc/sw/design_1_wrapper/hw
TRACE::2025-11-24.00:09:42::SCWPlatform:: Platform Path D:/Vivado_Projects/Assignment_3/pc/sw/design_1_wrapper/hw/design_1_wrapper.xsa
TRACE::2025-11-24.00:09:42::SCWPlatform:: Unique name xilinx:zedboard::0.0
TRACE::2025-11-24.00:09:42::SCWPlatform::Trying to set the existing hwdb with name design_1_wrapper_0
TRACE::2025-11-24.00:09:42::SCWPlatform::Opened existing hwdb design_1_wrapper_0
TRACE::2025-11-24.00:09:42::SCWPlatform::Found the Hw Db part of the input DSA
TRACE::2025-11-24.00:09:42::SCWMssOS::Checking the sw design at  D:/Vivado_Projects/Assignment_3/pc/sw/design_1_wrapper/zynq_fsbl/zynq_fsbl_bsp/system.mss
TRACE::2025-11-24.00:09:42::SCWMssOS::DEBUG:  swdes dump  D:/Vivado_Projects/Assignment_3/pc/sw/design_1_wrapper/ps7_cortexa9_0/freertos10_xilinx_ps7_cortexa9_0/bsp/system.mss|system_0||
D:/Vivado_Projects/Assignment_3/pc/sw/design_1_wrapper/zynq_fsbl/zynq_fsbl_bsp/system.mss|system||

TRACE::2025-11-24.00:09:42::SCWMssOS::Sw design exists and opened at  D:/Vivado_Projects/Assignment_3/pc/sw/design_1_wrapper/zynq_fsbl/zynq_fsbl_bsp/system.mss
TRACE::2025-11-24.00:09:42::SCWPlatform::Trying to open the hw design at D:/Vivado_Projects/Assignment_3/pc/sw/design_1_wrapper/hw/design_1_wrapper.xsa
TRACE::2025-11-24.00:09:42::SCWPlatform::DSA given D:/Vivado_Projects/Assignment_3/pc/sw/design_1_wrapper/hw/design_1_wrapper.xsa
TRACE::2025-11-24.00:09:42::SCWPlatform::DSA absoulate path D:/Vivado_Projects/Assignment_3/pc/sw/design_1_wrapper/hw/design_1_wrapper.xsa
TRACE::2025-11-24.00:09:42::SCWPlatform::DSA directory D:/Vivado_Projects/Assignment_3/pc/sw/design_1_wrapper/hw
TRACE::2025-11-24.00:09:42::SCWPlatform:: Platform Path D:/Vivado_Projects/Assignment_3/pc/sw/design_1_wrapper/hw/design_1_wrapper.xsa
TRACE::2025-11-24.00:09:42::SCWPlatform:: Unique name xilinx:zedboard::0.0
TRACE::2025-11-24.00:09:42::SCWPlatform::Trying to set the existing hwdb with name design_1_wrapper_0
TRACE::2025-11-24.00:09:42::SCWPlatform::Opened existing hwdb design_1_wrapper_0
TRACE::2025-11-24.00:09:42::SCWPlatform::Found the Hw Db part of the input DSA
TRACE::2025-11-24.00:09:42::SCWMssOS::Checking the sw design at  D:/Vivado_Projects/Assignment_3/pc/sw/design_1_wrapper/zynq_fsbl/zynq_fsbl_bsp/system.mss
TRACE::2025-11-24.00:09:42::SCWMssOS::DEBUG:  swdes dump  D:/Vivado_Projects/Assignment_3/pc/sw/design_1_wrapper/ps7_cortexa9_0/freertos10_xilinx_ps7_cortexa9_0/bsp/system.mss|system_0||
D:/Vivado_Projects/Assignment_3/pc/sw/design_1_wrapper/zynq_fsbl/zynq_fsbl_bsp/system.mss|system||

TRACE::2025-11-24.00:09:42::SCWMssOS::Sw design exists and opened at  D:/Vivado_Projects/Assignment_3/pc/sw/design_1_wrapper/zynq_fsbl/zynq_fsbl_bsp/system.mss
TRACE::2025-11-24.00:09:42::SCWPlatform::Trying to open the hw design at D:/Vivado_Projects/Assignment_3/pc/sw/design_1_wrapper/hw/design_1_wrapper.xsa
TRACE::2025-11-24.00:09:42::SCWPlatform::DSA given D:/Vivado_Projects/Assignment_3/pc/sw/design_1_wrapper/hw/design_1_wrapper.xsa
TRACE::2025-11-24.00:09:42::SCWPlatform::DSA absoulate path D:/Vivado_Projects/Assignment_3/pc/sw/design_1_wrapper/hw/design_1_wrapper.xsa
TRACE::2025-11-24.00:09:42::SCWPlatform::DSA directory D:/Vivado_Projects/Assignment_3/pc/sw/design_1_wrapper/hw
TRACE::2025-11-24.00:09:42::SCWPlatform:: Platform Path D:/Vivado_Projects/Assignment_3/pc/sw/design_1_wrapper/hw/design_1_wrapper.xsa
TRACE::2025-11-24.00:09:42::SCWPlatform:: Unique name xilinx:zedboard::0.0
TRACE::2025-11-24.00:09:42::SCWPlatform::Trying to set the existing hwdb with name design_1_wrapper_0
TRACE::2025-11-24.00:09:42::SCWPlatform::Opened existing hwdb design_1_wrapper_0
TRACE::2025-11-24.00:09:42::SCWPlatform::Found the Hw Db part of the input DSA
TRACE::2025-11-24.00:09:42::SCWMssOS::Checking the sw design at  D:/Vivado_Projects/Assignment_3/pc/sw/design_1_wrapper/ps7_cortexa9_0/freertos10_xilinx_ps7_cortexa9_0/bsp/system.mss
TRACE::2025-11-24.00:09:42::SCWMssOS::DEBUG:  swdes dump  D:/Vivado_Projects/Assignment_3/pc/sw/design_1_wrapper/ps7_cortexa9_0/freertos10_xilinx_ps7_cortexa9_0/bsp/system.mss|system_0||
D:/Vivado_Projects/Assignment_3/pc/sw/design_1_wrapper/zynq_fsbl/zynq_fsbl_bsp/system.mss|system||

TRACE::2025-11-24.00:09:42::SCWMssOS::Sw design exists and opened at  D:/Vivado_Projects/Assignment_3/pc/sw/design_1_wrapper/ps7_cortexa9_0/freertos10_xilinx_ps7_cortexa9_0/bsp/system.mss
TRACE::2025-11-24.00:09:42::SCWPlatform::Trying to open the hw design at D:/Vivado_Projects/Assignment_3/pc/sw/design_1_wrapper/hw/design_1_wrapper.xsa
TRACE::2025-11-24.00:09:42::SCWPlatform::DSA given D:/Vivado_Projects/Assignment_3/pc/sw/design_1_wrapper/hw/design_1_wrapper.xsa
TRACE::2025-11-24.00:09:42::SCWPlatform::DSA absoulate path D:/Vivado_Projects/Assignment_3/pc/sw/design_1_wrapper/hw/design_1_wrapper.xsa
TRACE::2025-11-24.00:09:42::SCWPlatform::DSA directory D:/Vivado_Projects/Assignment_3/pc/sw/design_1_wrapper/hw
TRACE::2025-11-24.00:09:42::SCWPlatform:: Platform Path D:/Vivado_Projects/Assignment_3/pc/sw/design_1_wrapper/hw/design_1_wrapper.xsa
TRACE::2025-11-24.00:09:42::SCWPlatform:: Unique name xilinx:zedboard::0.0
TRACE::2025-11-24.00:09:42::SCWPlatform::Trying to set the existing hwdb with name design_1_wrapper_0
TRACE::2025-11-24.00:09:42::SCWPlatform::Opened existing hwdb design_1_wrapper_0
TRACE::2025-11-24.00:09:42::SCWPlatform::Found the Hw Db part of the input DSA
TRACE::2025-11-24.00:09:42::SCWMssOS::Checking the sw design at  D:/Vivado_Projects/Assignment_3/pc/sw/design_1_wrapper/ps7_cortexa9_0/freertos10_xilinx_ps7_cortexa9_0/bsp/system.mss
TRACE::2025-11-24.00:09:42::SCWMssOS::DEBUG:  swdes dump  D:/Vivado_Projects/Assignment_3/pc/sw/design_1_wrapper/ps7_cortexa9_0/freertos10_xilinx_ps7_cortexa9_0/bsp/system.mss|system_0||
D:/Vivado_Projects/Assignment_3/pc/sw/design_1_wrapper/zynq_fsbl/zynq_fsbl_bsp/system.mss|system||

TRACE::2025-11-24.00:09:42::SCWMssOS::Sw design exists and opened at  D:/Vivado_Projects/Assignment_3/pc/sw/design_1_wrapper/ps7_cortexa9_0/freertos10_xilinx_ps7_cortexa9_0/bsp/system.mss
TRACE::2025-11-24.00:09:42::SCWPlatform::Trying to open the hw design at D:/Vivado_Projects/Assignment_3/pc/sw/design_1_wrapper/hw/design_1_wrapper.xsa
TRACE::2025-11-24.00:09:42::SCWPlatform::DSA given D:/Vivado_Projects/Assignment_3/pc/sw/design_1_wrapper/hw/design_1_wrapper.xsa
TRACE::2025-11-24.00:09:42::SCWPlatform::DSA absoulate path D:/Vivado_Projects/Assignment_3/pc/sw/design_1_wrapper/hw/design_1_wrapper.xsa
TRACE::2025-11-24.00:09:42::SCWPlatform::DSA directory D:/Vivado_Projects/Assignment_3/pc/sw/design_1_wrapper/hw
TRACE::2025-11-24.00:09:42::SCWPlatform:: Platform Path D:/Vivado_Projects/Assignment_3/pc/sw/design_1_wrapper/hw/design_1_wrapper.xsa
TRACE::2025-11-24.00:09:42::SCWPlatform:: Unique name xilinx:zedboard::0.0
TRACE::2025-11-24.00:09:42::SCWPlatform::Trying to set the existing hwdb with name design_1_wrapper_0
TRACE::2025-11-24.00:09:42::SCWPlatform::Opened existing hwdb design_1_wrapper_0
TRACE::2025-11-24.00:09:42::SCWPlatform::Found the Hw Db part of the input DSA
TRACE::2025-11-24.00:09:42::SCWMssOS::Checking the sw design at  D:/Vivado_Projects/Assignment_3/pc/sw/design_1_wrapper/ps7_cortexa9_0/freertos10_xilinx_ps7_cortexa9_0/bsp/system.mss
TRACE::2025-11-24.00:09:42::SCWMssOS::DEBUG:  swdes dump  D:/Vivado_Projects/Assignment_3/pc/sw/design_1_wrapper/ps7_cortexa9_0/freertos10_xilinx_ps7_cortexa9_0/bsp/system.mss|system_0||
D:/Vivado_Projects/Assignment_3/pc/sw/design_1_wrapper/zynq_fsbl/zynq_fsbl_bsp/system.mss|system||

TRACE::2025-11-24.00:09:42::SCWMssOS::Sw design exists and opened at  D:/Vivado_Projects/Assignment_3/pc/sw/design_1_wrapper/ps7_cortexa9_0/freertos10_xilinx_ps7_cortexa9_0/bsp/system.mss
TRACE::2025-11-24.00:09:42::SCWWriter::formatted JSON is {
	"platformName":	"design_1_wrapper",
	"sprVersion":	"2.0",
	"mode":	"gui",
	"dsaType":	"Fixed",
	"platformDesc":	"design_1_wrapper",
	"platHandOff":	"<platformDir>.xsa",
	"platIntHandOff":	"<platformDir>/hw/design_1_wrapper.xsa",
	"deviceType":	"zynq",
	"platIsPrebuiltAutogen":	"false",
	"platIsNoBootBsp":	"false",
	"platFsblTarget":	"ps7_cortexa9_0",
	"hasFsblMakeHasChanges":	"false",
	"hasPmufwMakeHasChanges":	"false",
	"fsblExtraCompilerFlags":	"-MMD -MP       -mcpu=cortex-a9 -mfpu=vfpv3 -mfloat-abi=hard ",
	"platPreBuiltFlag":	false,
	"platformSamplesDir":	"",
	"platActiveSys":	"design_1_wrapper",
	"systems":	[{
			"systemName":	"design_1_wrapper",
			"systemDesc":	"design_1_wrapper",
			"sysIsBootAutoGen":	"true",
			"systemDispName":	"design_1_wrapper",
			"sysActiveDom":	"freertos10_xilinx_ps7_cortexa9_0",
			"sysDefaultDom":	"freertos10_xilinx_ps7_cortexa9_0",
			"domains":	[{
					"domainName":	"zynq_fsbl",
					"domainDispName":	"zynq_fsbl",
					"domainDesc":	"FSBL Application BSP - Auto Generated.",
					"processors":	"ps7_cortexa9_0",
					"os":	"standalone",
					"sdxOs":	"standalone",
					"debugEnable":	"",
					"domRuntimes":	["cpp"],
					"swRepo":	"",
					"mssOsVer":	"7.6",
					"mssFile":	"",
					"md5Digest":	"3bba37a53eb16dee446165a5bd4dbb5f",
					"compatibleApp":	"zynq_fsbl",
					"domType":	"bootDomain",
					"arch":	"32-bit",
					"appSettings":	{
						"appCompilerFlags":	"",
						"appLinkerFlags":	""
					},
					"addedLibs":	["xilffs:4.6", "xilrsa:1.6"],
					"libOptions":	{
						"libsContainingOptions":	[]
					},
					"prebuiltLibs":	{
						"prebuiltIncPath":	[],
						"prebuiltLibPath":	[]
					},
					"isolation":	{
					}
				}, {
					"domainName":	"freertos10_xilinx_ps7_cortexa9_0",
					"domainDispName":	"freertos10_xilinx_ps7_cortexa9_0",
					"domainDesc":	"freertos10_xilinx_ps7_cortexa9_0",
					"processors":	"ps7_cortexa9_0",
					"os":	"freertos10_xilinx",
					"sdxOs":	"freertos10_xilinx",
					"qemuArgs":	"D:/Softwares/Xilinx/Vitis/2021.2/data/emulation/platforms/zynq/sw/a9_standalone/qemu/qemu_args.txt",
					"qemuData":	"D:/Softwares/Xilinx/Vitis/2021.2/data/emulation/platforms/zynq/sw/a9_standalone/qemu/",
					"debugEnable":	"False",
					"domRuntimes":	["cpp"],
					"swRepo":	"",
					"mssOsVer":	"1.10",
					"mssFile":	"",
					"md5Digest":	"4dc11a1cd5cf137f66a29bd78f0fc694",
					"compatibleApp":	"empty_application",
					"domType":	"mssDomain",
					"arch":	"32-bit",
					"appSettings":	{
						"appCompilerFlags":	"",
						"appLinkerFlags":	""
					},
					"addedLibs":	[],
					"libOptions":	{
						"libsContainingOptions":	[]
					},
					"prebuiltLibs":	{
						"prebuiltIncPath":	[],
						"prebuiltLibPath":	[]
					},
					"isolation":	{
					}
				}]
		}]
}
KEYINFO::2025-11-24.00:09:42::SCWPlatform::updated the xpfm file.
TRACE::2025-11-24.00:09:42::SCWPlatform::Trying to open the hw design at D:/Vivado_Projects/Assignment_3/pc/sw/design_1_wrapper/hw/design_1_wrapper.xsa
TRACE::2025-11-24.00:09:42::SCWPlatform::DSA given D:/Vivado_Projects/Assignment_3/pc/sw/design_1_wrapper/hw/design_1_wrapper.xsa
TRACE::2025-11-24.00:09:42::SCWPlatform::DSA absoulate path D:/Vivado_Projects/Assignment_3/pc/sw/design_1_wrapper/hw/design_1_wrapper.xsa
TRACE::2025-11-24.00:09:42::SCWPlatform::DSA directory D:/Vivado_Projects/Assignment_3/pc/sw/design_1_wrapper/hw
TRACE::2025-11-24.00:09:42::SCWPlatform:: Platform Path D:/Vivado_Projects/Assignment_3/pc/sw/design_1_wrapper/hw/design_1_wrapper.xsa
TRACE::2025-11-24.00:09:42::SCWPlatform:: Unique name xilinx:zedboard::0.0
TRACE::2025-11-24.00:09:42::SCWPlatform::Trying to set the existing hwdb with name design_1_wrapper_0
TRACE::2025-11-24.00:09:42::SCWPlatform::Opened existing hwdb design_1_wrapper_0
TRACE::2025-11-24.00:09:42::SCWPlatform::Found the Hw Db part of the input DSA
TRACE::2025-11-24.00:09:42::SCWMssOS::Checking the sw design at  D:/Vivado_Projects/Assignment_3/pc/sw/design_1_wrapper/ps7_cortexa9_0/freertos10_xilinx_ps7_cortexa9_0/bsp/system.mss
TRACE::2025-11-24.00:09:42::SCWMssOS::DEBUG:  swdes dump  D:/Vivado_Projects/Assignment_3/pc/sw/design_1_wrapper/ps7_cortexa9_0/freertos10_xilinx_ps7_cortexa9_0/bsp/system.mss|system_0||
D:/Vivado_Projects/Assignment_3/pc/sw/design_1_wrapper/zynq_fsbl/zynq_fsbl_bsp/system.mss|system||

TRACE::2025-11-24.00:09:42::SCWMssOS::Sw design exists and opened at  D:/Vivado_Projects/Assignment_3/pc/sw/design_1_wrapper/ps7_cortexa9_0/freertos10_xilinx_ps7_cortexa9_0/bsp/system.mss
TRACE::2025-11-24.00:09:42::SCWMssOS::Saving the mss changes D:/Vivado_Projects/Assignment_3/pc/sw/design_1_wrapper/zynq_fsbl/zynq_fsbl_bsp/system.mss
TRACE::2025-11-24.00:09:42::SCWMssOS::Found a swdesign opened with the mssfile.
TRACE::2025-11-24.00:09:42::SCWMssOS::Completed writemss as part of save.
TRACE::2025-11-24.00:09:42::SCWMssOS::Commit changes completed.
TRACE::2025-11-24.00:09:42::SCWMssOS::Saving the mss changes D:/Vivado_Projects/Assignment_3/pc/sw/design_1_wrapper/ps7_cortexa9_0/freertos10_xilinx_ps7_cortexa9_0/bsp/system.mss
TRACE::2025-11-24.00:09:42::SCWMssOS::Found a swdesign opened with the mssfile.
TRACE::2025-11-24.00:09:42::SCWMssOS::Completed writemss as part of save.
TRACE::2025-11-24.00:09:42::SCWMssOS::Commit changes completed.
TRACE::2025-11-24.00:09:42::SCWPlatform::Trying to open the hw design at D:/Vivado_Projects/Assignment_3/pc/sw/design_1_wrapper/hw/design_1_wrapper.xsa
TRACE::2025-11-24.00:09:42::SCWPlatform::DSA given D:/Vivado_Projects/Assignment_3/pc/sw/design_1_wrapper/hw/design_1_wrapper.xsa
TRACE::2025-11-24.00:09:42::SCWPlatform::DSA absoulate path D:/Vivado_Projects/Assignment_3/pc/sw/design_1_wrapper/hw/design_1_wrapper.xsa
TRACE::2025-11-24.00:09:42::SCWPlatform::DSA directory D:/Vivado_Projects/Assignment_3/pc/sw/design_1_wrapper/hw
TRACE::2025-11-24.00:09:42::SCWPlatform:: Platform Path D:/Vivado_Projects/Assignment_3/pc/sw/design_1_wrapper/hw/design_1_wrapper.xsa
TRACE::2025-11-24.00:09:42::SCWPlatform:: Unique name xilinx:zedboard::0.0
TRACE::2025-11-24.00:09:42::SCWPlatform::Trying to set the existing hwdb with name design_1_wrapper_0
TRACE::2025-11-24.00:09:42::SCWPlatform::Opened existing hwdb design_1_wrapper_0
TRACE::2025-11-24.00:09:42::SCWPlatform::Found the Hw Db part of the input DSA
TRACE::2025-11-24.00:09:42::SCWMssOS::Checking the sw design at  D:/Vivado_Projects/Assignment_3/pc/sw/design_1_wrapper/zynq_fsbl/zynq_fsbl_bsp/system.mss
TRACE::2025-11-24.00:09:42::SCWMssOS::DEBUG:  swdes dump  D:/Vivado_Projects/Assignment_3/pc/sw/design_1_wrapper/ps7_cortexa9_0/freertos10_xilinx_ps7_cortexa9_0/bsp/system.mss|system_0||
D:/Vivado_Projects/Assignment_3/pc/sw/design_1_wrapper/zynq_fsbl/zynq_fsbl_bsp/system.mss|system||

TRACE::2025-11-24.00:09:42::SCWMssOS::Sw design exists and opened at  D:/Vivado_Projects/Assignment_3/pc/sw/design_1_wrapper/zynq_fsbl/zynq_fsbl_bsp/system.mss
TRACE::2025-11-24.00:09:42::SCWPlatform::Trying to open the hw design at D:/Vivado_Projects/Assignment_3/pc/sw/design_1_wrapper/hw/design_1_wrapper.xsa
TRACE::2025-11-24.00:09:42::SCWPlatform::DSA given D:/Vivado_Projects/Assignment_3/pc/sw/design_1_wrapper/hw/design_1_wrapper.xsa
TRACE::2025-11-24.00:09:42::SCWPlatform::DSA absoulate path D:/Vivado_Projects/Assignment_3/pc/sw/design_1_wrapper/hw/design_1_wrapper.xsa
TRACE::2025-11-24.00:09:42::SCWPlatform::DSA directory D:/Vivado_Projects/Assignment_3/pc/sw/design_1_wrapper/hw
TRACE::2025-11-24.00:09:42::SCWPlatform:: Platform Path D:/Vivado_Projects/Assignment_3/pc/sw/design_1_wrapper/hw/design_1_wrapper.xsa
TRACE::2025-11-24.00:09:42::SCWPlatform:: Unique name xilinx:zedboard::0.0
TRACE::2025-11-24.00:09:42::SCWPlatform::Trying to set the existing hwdb with name design_1_wrapper_0
TRACE::2025-11-24.00:09:42::SCWPlatform::Opened existing hwdb design_1_wrapper_0
TRACE::2025-11-24.00:09:42::SCWPlatform::Found the Hw Db part of the input DSA
TRACE::2025-11-24.00:09:42::SCWMssOS::Checking the sw design at  D:/Vivado_Projects/Assignment_3/pc/sw/design_1_wrapper/zynq_fsbl/zynq_fsbl_bsp/system.mss
TRACE::2025-11-24.00:09:42::SCWMssOS::DEBUG:  swdes dump  D:/Vivado_Projects/Assignment_3/pc/sw/design_1_wrapper/ps7_cortexa9_0/freertos10_xilinx_ps7_cortexa9_0/bsp/system.mss|system_0||
D:/Vivado_Projects/Assignment_3/pc/sw/design_1_wrapper/zynq_fsbl/zynq_fsbl_bsp/system.mss|system||

TRACE::2025-11-24.00:09:42::SCWMssOS::Sw design exists and opened at  D:/Vivado_Projects/Assignment_3/pc/sw/design_1_wrapper/zynq_fsbl/zynq_fsbl_bsp/system.mss
TRACE::2025-11-24.00:09:42::SCWPlatform::Trying to open the hw design at D:/Vivado_Projects/Assignment_3/pc/sw/design_1_wrapper/hw/design_1_wrapper.xsa
TRACE::2025-11-24.00:09:42::SCWPlatform::DSA given D:/Vivado_Projects/Assignment_3/pc/sw/design_1_wrapper/hw/design_1_wrapper.xsa
TRACE::2025-11-24.00:09:42::SCWPlatform::DSA absoulate path D:/Vivado_Projects/Assignment_3/pc/sw/design_1_wrapper/hw/design_1_wrapper.xsa
TRACE::2025-11-24.00:09:42::SCWPlatform::DSA directory D:/Vivado_Projects/Assignment_3/pc/sw/design_1_wrapper/hw
TRACE::2025-11-24.00:09:42::SCWPlatform:: Platform Path D:/Vivado_Projects/Assignment_3/pc/sw/design_1_wrapper/hw/design_1_wrapper.xsa
TRACE::2025-11-24.00:09:42::SCWPlatform:: Unique name xilinx:zedboard::0.0
TRACE::2025-11-24.00:09:42::SCWPlatform::Trying to set the existing hwdb with name design_1_wrapper_0
TRACE::2025-11-24.00:09:42::SCWPlatform::Opened existing hwdb design_1_wrapper_0
TRACE::2025-11-24.00:09:42::SCWPlatform::Found the Hw Db part of the input DSA
TRACE::2025-11-24.00:09:42::SCWMssOS::Checking the sw design at  D:/Vivado_Projects/Assignment_3/pc/sw/design_1_wrapper/zynq_fsbl/zynq_fsbl_bsp/system.mss
TRACE::2025-11-24.00:09:42::SCWMssOS::DEBUG:  swdes dump  D:/Vivado_Projects/Assignment_3/pc/sw/design_1_wrapper/ps7_cortexa9_0/freertos10_xilinx_ps7_cortexa9_0/bsp/system.mss|system_0||
D:/Vivado_Projects/Assignment_3/pc/sw/design_1_wrapper/zynq_fsbl/zynq_fsbl_bsp/system.mss|system||

TRACE::2025-11-24.00:09:42::SCWMssOS::Sw design exists and opened at  D:/Vivado_Projects/Assignment_3/pc/sw/design_1_wrapper/zynq_fsbl/zynq_fsbl_bsp/system.mss
TRACE::2025-11-24.00:09:42::SCWPlatform::Trying to open the hw design at D:/Vivado_Projects/Assignment_3/pc/sw/design_1_wrapper/hw/design_1_wrapper.xsa
TRACE::2025-11-24.00:09:42::SCWPlatform::DSA given D:/Vivado_Projects/Assignment_3/pc/sw/design_1_wrapper/hw/design_1_wrapper.xsa
TRACE::2025-11-24.00:09:42::SCWPlatform::DSA absoulate path D:/Vivado_Projects/Assignment_3/pc/sw/design_1_wrapper/hw/design_1_wrapper.xsa
TRACE::2025-11-24.00:09:42::SCWPlatform::DSA directory D:/Vivado_Projects/Assignment_3/pc/sw/design_1_wrapper/hw
TRACE::2025-11-24.00:09:42::SCWPlatform:: Platform Path D:/Vivado_Projects/Assignment_3/pc/sw/design_1_wrapper/hw/design_1_wrapper.xsa
TRACE::2025-11-24.00:09:42::SCWPlatform:: Unique name xilinx:zedboard::0.0
TRACE::2025-11-24.00:09:42::SCWPlatform::Trying to set the existing hwdb with name design_1_wrapper_0
TRACE::2025-11-24.00:09:42::SCWPlatform::Opened existing hwdb design_1_wrapper_0
TRACE::2025-11-24.00:09:42::SCWPlatform::Found the Hw Db part of the input DSA
TRACE::2025-11-24.00:09:42::SCWMssOS::Checking the sw design at  D:/Vivado_Projects/Assignment_3/pc/sw/design_1_wrapper/ps7_cortexa9_0/freertos10_xilinx_ps7_cortexa9_0/bsp/system.mss
TRACE::2025-11-24.00:09:42::SCWMssOS::DEBUG:  swdes dump  D:/Vivado_Projects/Assignment_3/pc/sw/design_1_wrapper/ps7_cortexa9_0/freertos10_xilinx_ps7_cortexa9_0/bsp/system.mss|system_0||
D:/Vivado_Projects/Assignment_3/pc/sw/design_1_wrapper/zynq_fsbl/zynq_fsbl_bsp/system.mss|system||

TRACE::2025-11-24.00:09:42::SCWMssOS::Sw design exists and opened at  D:/Vivado_Projects/Assignment_3/pc/sw/design_1_wrapper/ps7_cortexa9_0/freertos10_xilinx_ps7_cortexa9_0/bsp/system.mss
TRACE::2025-11-24.00:09:42::SCWPlatform::Trying to open the hw design at D:/Vivado_Projects/Assignment_3/pc/sw/design_1_wrapper/hw/design_1_wrapper.xsa
TRACE::2025-11-24.00:09:42::SCWPlatform::DSA given D:/Vivado_Projects/Assignment_3/pc/sw/design_1_wrapper/hw/design_1_wrapper.xsa
TRACE::2025-11-24.00:09:42::SCWPlatform::DSA absoulate path D:/Vivado_Projects/Assignment_3/pc/sw/design_1_wrapper/hw/design_1_wrapper.xsa
TRACE::2025-11-24.00:09:42::SCWPlatform::DSA directory D:/Vivado_Projects/Assignment_3/pc/sw/design_1_wrapper/hw
TRACE::2025-11-24.00:09:42::SCWPlatform:: Platform Path D:/Vivado_Projects/Assignment_3/pc/sw/design_1_wrapper/hw/design_1_wrapper.xsa
TRACE::2025-11-24.00:09:42::SCWPlatform:: Unique name xilinx:zedboard::0.0
TRACE::2025-11-24.00:09:42::SCWPlatform::Trying to set the existing hwdb with name design_1_wrapper_0
TRACE::2025-11-24.00:09:42::SCWPlatform::Opened existing hwdb design_1_wrapper_0
TRACE::2025-11-24.00:09:42::SCWPlatform::Found the Hw Db part of the input DSA
TRACE::2025-11-24.00:09:42::SCWMssOS::Checking the sw design at  D:/Vivado_Projects/Assignment_3/pc/sw/design_1_wrapper/ps7_cortexa9_0/freertos10_xilinx_ps7_cortexa9_0/bsp/system.mss
TRACE::2025-11-24.00:09:42::SCWMssOS::DEBUG:  swdes dump  D:/Vivado_Projects/Assignment_3/pc/sw/design_1_wrapper/ps7_cortexa9_0/freertos10_xilinx_ps7_cortexa9_0/bsp/system.mss|system_0||
D:/Vivado_Projects/Assignment_3/pc/sw/design_1_wrapper/zynq_fsbl/zynq_fsbl_bsp/system.mss|system||

TRACE::2025-11-24.00:09:42::SCWMssOS::Sw design exists and opened at  D:/Vivado_Projects/Assignment_3/pc/sw/design_1_wrapper/ps7_cortexa9_0/freertos10_xilinx_ps7_cortexa9_0/bsp/system.mss
TRACE::2025-11-24.00:09:42::SCWPlatform::Trying to open the hw design at D:/Vivado_Projects/Assignment_3/pc/sw/design_1_wrapper/hw/design_1_wrapper.xsa
TRACE::2025-11-24.00:09:42::SCWPlatform::DSA given D:/Vivado_Projects/Assignment_3/pc/sw/design_1_wrapper/hw/design_1_wrapper.xsa
TRACE::2025-11-24.00:09:42::SCWPlatform::DSA absoulate path D:/Vivado_Projects/Assignment_3/pc/sw/design_1_wrapper/hw/design_1_wrapper.xsa
TRACE::2025-11-24.00:09:42::SCWPlatform::DSA directory D:/Vivado_Projects/Assignment_3/pc/sw/design_1_wrapper/hw
TRACE::2025-11-24.00:09:42::SCWPlatform:: Platform Path D:/Vivado_Projects/Assignment_3/pc/sw/design_1_wrapper/hw/design_1_wrapper.xsa
TRACE::2025-11-24.00:09:42::SCWPlatform:: Unique name xilinx:zedboard::0.0
TRACE::2025-11-24.00:09:42::SCWPlatform::Trying to set the existing hwdb with name design_1_wrapper_0
TRACE::2025-11-24.00:09:42::SCWPlatform::Opened existing hwdb design_1_wrapper_0
TRACE::2025-11-24.00:09:42::SCWPlatform::Found the Hw Db part of the input DSA
TRACE::2025-11-24.00:09:42::SCWMssOS::Checking the sw design at  D:/Vivado_Projects/Assignment_3/pc/sw/design_1_wrapper/ps7_cortexa9_0/freertos10_xilinx_ps7_cortexa9_0/bsp/system.mss
TRACE::2025-11-24.00:09:42::SCWMssOS::DEBUG:  swdes dump  D:/Vivado_Projects/Assignment_3/pc/sw/design_1_wrapper/ps7_cortexa9_0/freertos10_xilinx_ps7_cortexa9_0/bsp/system.mss|system_0||
D:/Vivado_Projects/Assignment_3/pc/sw/design_1_wrapper/zynq_fsbl/zynq_fsbl_bsp/system.mss|system||

TRACE::2025-11-24.00:09:42::SCWMssOS::Sw design exists and opened at  D:/Vivado_Projects/Assignment_3/pc/sw/design_1_wrapper/ps7_cortexa9_0/freertos10_xilinx_ps7_cortexa9_0/bsp/system.mss
TRACE::2025-11-24.00:09:42::SCWWriter::formatted JSON is {
	"platformName":	"design_1_wrapper",
	"sprVersion":	"2.0",
	"mode":	"gui",
	"dsaType":	"Fixed",
	"platformDesc":	"design_1_wrapper",
	"platHandOff":	"<platformDir>.xsa",
	"platIntHandOff":	"<platformDir>/hw/design_1_wrapper.xsa",
	"deviceType":	"zynq",
	"platIsPrebuiltAutogen":	"false",
	"platIsNoBootBsp":	"false",
	"platFsblTarget":	"ps7_cortexa9_0",
	"hasFsblMakeHasChanges":	"false",
	"hasPmufwMakeHasChanges":	"false",
	"fsblExtraCompilerFlags":	"-MMD -MP       -mcpu=cortex-a9 -mfpu=vfpv3 -mfloat-abi=hard ",
	"platPreBuiltFlag":	false,
	"platformSamplesDir":	"",
	"platActiveSys":	"design_1_wrapper",
	"systems":	[{
			"systemName":	"design_1_wrapper",
			"systemDesc":	"design_1_wrapper",
			"sysIsBootAutoGen":	"true",
			"systemDispName":	"design_1_wrapper",
			"sysActiveDom":	"freertos10_xilinx_ps7_cortexa9_0",
			"sysDefaultDom":	"freertos10_xilinx_ps7_cortexa9_0",
			"domains":	[{
					"domainName":	"zynq_fsbl",
					"domainDispName":	"zynq_fsbl",
					"domainDesc":	"FSBL Application BSP - Auto Generated.",
					"processors":	"ps7_cortexa9_0",
					"os":	"standalone",
					"sdxOs":	"standalone",
					"debugEnable":	"",
					"domRuntimes":	["cpp"],
					"swRepo":	"",
					"mssOsVer":	"7.6",
					"mssFile":	"",
					"md5Digest":	"3bba37a53eb16dee446165a5bd4dbb5f",
					"compatibleApp":	"zynq_fsbl",
					"domType":	"bootDomain",
					"arch":	"32-bit",
					"appSettings":	{
						"appCompilerFlags":	"",
						"appLinkerFlags":	""
					},
					"addedLibs":	["xilffs:4.6", "xilrsa:1.6"],
					"libOptions":	{
						"libsContainingOptions":	[]
					},
					"prebuiltLibs":	{
						"prebuiltIncPath":	[],
						"prebuiltLibPath":	[]
					},
					"isolation":	{
					}
				}, {
					"domainName":	"freertos10_xilinx_ps7_cortexa9_0",
					"domainDispName":	"freertos10_xilinx_ps7_cortexa9_0",
					"domainDesc":	"freertos10_xilinx_ps7_cortexa9_0",
					"processors":	"ps7_cortexa9_0",
					"os":	"freertos10_xilinx",
					"sdxOs":	"freertos10_xilinx",
					"qemuArgs":	"D:/Softwares/Xilinx/Vitis/2021.2/data/emulation/platforms/zynq/sw/a9_standalone/qemu/qemu_args.txt",
					"qemuData":	"D:/Softwares/Xilinx/Vitis/2021.2/data/emulation/platforms/zynq/sw/a9_standalone/qemu/",
					"debugEnable":	"False",
					"domRuntimes":	["cpp"],
					"swRepo":	"",
					"mssOsVer":	"1.10",
					"mssFile":	"",
					"md5Digest":	"4dc11a1cd5cf137f66a29bd78f0fc694",
					"compatibleApp":	"empty_application",
					"domType":	"mssDomain",
					"arch":	"32-bit",
					"appSettings":	{
						"appCompilerFlags":	"",
						"appLinkerFlags":	""
					},
					"addedLibs":	[],
					"libOptions":	{
						"libsContainingOptions":	[]
					},
					"prebuiltLibs":	{
						"prebuiltIncPath":	[],
						"prebuiltLibPath":	[]
					},
					"isolation":	{
					}
				}]
		}]
}
TRACE::2025-11-24.00:09:42::SCWPlatform::Trying to open the hw design at D:/Vivado_Projects/Assignment_3/pc/sw/design_1_wrapper/hw/design_1_wrapper.xsa
TRACE::2025-11-24.00:09:42::SCWPlatform::DSA given D:/Vivado_Projects/Assignment_3/pc/sw/design_1_wrapper/hw/design_1_wrapper.xsa
TRACE::2025-11-24.00:09:42::SCWPlatform::DSA absoulate path D:/Vivado_Projects/Assignment_3/pc/sw/design_1_wrapper/hw/design_1_wrapper.xsa
TRACE::2025-11-24.00:09:42::SCWPlatform::DSA directory D:/Vivado_Projects/Assignment_3/pc/sw/design_1_wrapper/hw
TRACE::2025-11-24.00:09:42::SCWPlatform:: Platform Path D:/Vivado_Projects/Assignment_3/pc/sw/design_1_wrapper/hw/design_1_wrapper.xsa
TRACE::2025-11-24.00:09:42::SCWPlatform:: Unique name xilinx:zedboard::0.0
TRACE::2025-11-24.00:09:42::SCWPlatform::Trying to set the existing hwdb with name design_1_wrapper_0
TRACE::2025-11-24.00:09:42::SCWPlatform::Opened existing hwdb design_1_wrapper_0
TRACE::2025-11-24.00:09:42::SCWPlatform::Found the Hw Db part of the input DSA
TRACE::2025-11-24.00:09:42::SCWMssOS::Checking the sw design at  D:/Vivado_Projects/Assignment_3/pc/sw/design_1_wrapper/ps7_cortexa9_0/freertos10_xilinx_ps7_cortexa9_0/bsp/system.mss
TRACE::2025-11-24.00:09:42::SCWMssOS::DEBUG:  swdes dump  D:/Vivado_Projects/Assignment_3/pc/sw/design_1_wrapper/ps7_cortexa9_0/freertos10_xilinx_ps7_cortexa9_0/bsp/system.mss|system_0||
D:/Vivado_Projects/Assignment_3/pc/sw/design_1_wrapper/zynq_fsbl/zynq_fsbl_bsp/system.mss|system||

TRACE::2025-11-24.00:09:42::SCWMssOS::Sw design exists and opened at  D:/Vivado_Projects/Assignment_3/pc/sw/design_1_wrapper/ps7_cortexa9_0/freertos10_xilinx_ps7_cortexa9_0/bsp/system.mss
TRACE::2025-11-24.00:09:42::SCWPlatform::Trying to open the hw design at D:/Vivado_Projects/Assignment_3/pc/sw/design_1_wrapper/hw/design_1_wrapper.xsa
TRACE::2025-11-24.00:09:42::SCWPlatform::DSA given D:/Vivado_Projects/Assignment_3/pc/sw/design_1_wrapper/hw/design_1_wrapper.xsa
TRACE::2025-11-24.00:09:42::SCWPlatform::DSA absoulate path D:/Vivado_Projects/Assignment_3/pc/sw/design_1_wrapper/hw/design_1_wrapper.xsa
TRACE::2025-11-24.00:09:42::SCWPlatform::DSA directory D:/Vivado_Projects/Assignment_3/pc/sw/design_1_wrapper/hw
TRACE::2025-11-24.00:09:42::SCWPlatform:: Platform Path D:/Vivado_Projects/Assignment_3/pc/sw/design_1_wrapper/hw/design_1_wrapper.xsa
TRACE::2025-11-24.00:09:42::SCWPlatform:: Unique name xilinx:zedboard::0.0
TRACE::2025-11-24.00:09:42::SCWPlatform::Trying to set the existing hwdb with name design_1_wrapper_0
TRACE::2025-11-24.00:09:42::SCWPlatform::Opened existing hwdb design_1_wrapper_0
TRACE::2025-11-24.00:09:42::SCWPlatform::Found the Hw Db part of the input DSA
TRACE::2025-11-24.00:09:42::SCWMssOS::Checking the sw design at  D:/Vivado_Projects/Assignment_3/pc/sw/design_1_wrapper/ps7_cortexa9_0/freertos10_xilinx_ps7_cortexa9_0/bsp/system.mss
TRACE::2025-11-24.00:09:42::SCWMssOS::DEBUG:  swdes dump  D:/Vivado_Projects/Assignment_3/pc/sw/design_1_wrapper/ps7_cortexa9_0/freertos10_xilinx_ps7_cortexa9_0/bsp/system.mss|system_0||
D:/Vivado_Projects/Assignment_3/pc/sw/design_1_wrapper/zynq_fsbl/zynq_fsbl_bsp/system.mss|system||

TRACE::2025-11-24.00:09:42::SCWMssOS::Sw design exists and opened at  D:/Vivado_Projects/Assignment_3/pc/sw/design_1_wrapper/ps7_cortexa9_0/freertos10_xilinx_ps7_cortexa9_0/bsp/system.mss
TRACE::2025-11-24.00:09:42::SCWMssOS::Saving the mss changes D:/Vivado_Projects/Assignment_3/pc/sw/design_1_wrapper/zynq_fsbl/zynq_fsbl_bsp/system.mss
TRACE::2025-11-24.00:09:42::SCWMssOS::Found a swdesign opened with the mssfile.
TRACE::2025-11-24.00:09:42::SCWMssOS::Completed writemss as part of save.
TRACE::2025-11-24.00:09:42::SCWMssOS::Commit changes completed.
TRACE::2025-11-24.00:09:42::SCWMssOS::Saving the mss changes D:/Vivado_Projects/Assignment_3/pc/sw/design_1_wrapper/ps7_cortexa9_0/freertos10_xilinx_ps7_cortexa9_0/bsp/system.mss
TRACE::2025-11-24.00:09:42::SCWMssOS::Found a swdesign opened with the mssfile.
TRACE::2025-11-24.00:09:42::SCWMssOS::Completed writemss as part of save.
TRACE::2025-11-24.00:09:42::SCWMssOS::Commit changes completed.
TRACE::2025-11-24.00:09:42::SCWPlatform::Trying to open the hw design at D:/Vivado_Projects/Assignment_3/pc/sw/design_1_wrapper/hw/design_1_wrapper.xsa
TRACE::2025-11-24.00:09:42::SCWPlatform::DSA given D:/Vivado_Projects/Assignment_3/pc/sw/design_1_wrapper/hw/design_1_wrapper.xsa
TRACE::2025-11-24.00:09:42::SCWPlatform::DSA absoulate path D:/Vivado_Projects/Assignment_3/pc/sw/design_1_wrapper/hw/design_1_wrapper.xsa
TRACE::2025-11-24.00:09:42::SCWPlatform::DSA directory D:/Vivado_Projects/Assignment_3/pc/sw/design_1_wrapper/hw
TRACE::2025-11-24.00:09:42::SCWPlatform:: Platform Path D:/Vivado_Projects/Assignment_3/pc/sw/design_1_wrapper/hw/design_1_wrapper.xsa
TRACE::2025-11-24.00:09:42::SCWPlatform:: Unique name xilinx:zedboard::0.0
TRACE::2025-11-24.00:09:42::SCWPlatform::Trying to set the existing hwdb with name design_1_wrapper_0
TRACE::2025-11-24.00:09:42::SCWPlatform::Opened existing hwdb design_1_wrapper_0
TRACE::2025-11-24.00:09:42::SCWPlatform::Found the Hw Db part of the input DSA
TRACE::2025-11-24.00:09:42::SCWMssOS::Checking the sw design at  D:/Vivado_Projects/Assignment_3/pc/sw/design_1_wrapper/zynq_fsbl/zynq_fsbl_bsp/system.mss
TRACE::2025-11-24.00:09:42::SCWMssOS::DEBUG:  swdes dump  D:/Vivado_Projects/Assignment_3/pc/sw/design_1_wrapper/ps7_cortexa9_0/freertos10_xilinx_ps7_cortexa9_0/bsp/system.mss|system_0||
D:/Vivado_Projects/Assignment_3/pc/sw/design_1_wrapper/zynq_fsbl/zynq_fsbl_bsp/system.mss|system||

TRACE::2025-11-24.00:09:42::SCWMssOS::Sw design exists and opened at  D:/Vivado_Projects/Assignment_3/pc/sw/design_1_wrapper/zynq_fsbl/zynq_fsbl_bsp/system.mss
TRACE::2025-11-24.00:09:42::SCWPlatform::Trying to open the hw design at D:/Vivado_Projects/Assignment_3/pc/sw/design_1_wrapper/hw/design_1_wrapper.xsa
TRACE::2025-11-24.00:09:42::SCWPlatform::DSA given D:/Vivado_Projects/Assignment_3/pc/sw/design_1_wrapper/hw/design_1_wrapper.xsa
TRACE::2025-11-24.00:09:42::SCWPlatform::DSA absoulate path D:/Vivado_Projects/Assignment_3/pc/sw/design_1_wrapper/hw/design_1_wrapper.xsa
TRACE::2025-11-24.00:09:42::SCWPlatform::DSA directory D:/Vivado_Projects/Assignment_3/pc/sw/design_1_wrapper/hw
TRACE::2025-11-24.00:09:42::SCWPlatform:: Platform Path D:/Vivado_Projects/Assignment_3/pc/sw/design_1_wrapper/hw/design_1_wrapper.xsa
TRACE::2025-11-24.00:09:42::SCWPlatform:: Unique name xilinx:zedboard::0.0
TRACE::2025-11-24.00:09:42::SCWPlatform::Trying to set the existing hwdb with name design_1_wrapper_0
TRACE::2025-11-24.00:09:42::SCWPlatform::Opened existing hwdb design_1_wrapper_0
TRACE::2025-11-24.00:09:42::SCWPlatform::Found the Hw Db part of the input DSA
TRACE::2025-11-24.00:09:42::SCWMssOS::Checking the sw design at  D:/Vivado_Projects/Assignment_3/pc/sw/design_1_wrapper/zynq_fsbl/zynq_fsbl_bsp/system.mss
TRACE::2025-11-24.00:09:42::SCWMssOS::DEBUG:  swdes dump  D:/Vivado_Projects/Assignment_3/pc/sw/design_1_wrapper/ps7_cortexa9_0/freertos10_xilinx_ps7_cortexa9_0/bsp/system.mss|system_0||
D:/Vivado_Projects/Assignment_3/pc/sw/design_1_wrapper/zynq_fsbl/zynq_fsbl_bsp/system.mss|system||

TRACE::2025-11-24.00:09:42::SCWMssOS::Sw design exists and opened at  D:/Vivado_Projects/Assignment_3/pc/sw/design_1_wrapper/zynq_fsbl/zynq_fsbl_bsp/system.mss
TRACE::2025-11-24.00:09:42::SCWPlatform::Trying to open the hw design at D:/Vivado_Projects/Assignment_3/pc/sw/design_1_wrapper/hw/design_1_wrapper.xsa
TRACE::2025-11-24.00:09:42::SCWPlatform::DSA given D:/Vivado_Projects/Assignment_3/pc/sw/design_1_wrapper/hw/design_1_wrapper.xsa
TRACE::2025-11-24.00:09:42::SCWPlatform::DSA absoulate path D:/Vivado_Projects/Assignment_3/pc/sw/design_1_wrapper/hw/design_1_wrapper.xsa
TRACE::2025-11-24.00:09:42::SCWPlatform::DSA directory D:/Vivado_Projects/Assignment_3/pc/sw/design_1_wrapper/hw
TRACE::2025-11-24.00:09:42::SCWPlatform:: Platform Path D:/Vivado_Projects/Assignment_3/pc/sw/design_1_wrapper/hw/design_1_wrapper.xsa
TRACE::2025-11-24.00:09:42::SCWPlatform:: Unique name xilinx:zedboard::0.0
TRACE::2025-11-24.00:09:42::SCWPlatform::Trying to set the existing hwdb with name design_1_wrapper_0
TRACE::2025-11-24.00:09:42::SCWPlatform::Opened existing hwdb design_1_wrapper_0
TRACE::2025-11-24.00:09:42::SCWPlatform::Found the Hw Db part of the input DSA
TRACE::2025-11-24.00:09:42::SCWMssOS::Checking the sw design at  D:/Vivado_Projects/Assignment_3/pc/sw/design_1_wrapper/zynq_fsbl/zynq_fsbl_bsp/system.mss
TRACE::2025-11-24.00:09:42::SCWMssOS::DEBUG:  swdes dump  D:/Vivado_Projects/Assignment_3/pc/sw/design_1_wrapper/ps7_cortexa9_0/freertos10_xilinx_ps7_cortexa9_0/bsp/system.mss|system_0||
D:/Vivado_Projects/Assignment_3/pc/sw/design_1_wrapper/zynq_fsbl/zynq_fsbl_bsp/system.mss|system||

TRACE::2025-11-24.00:09:42::SCWMssOS::Sw design exists and opened at  D:/Vivado_Projects/Assignment_3/pc/sw/design_1_wrapper/zynq_fsbl/zynq_fsbl_bsp/system.mss
TRACE::2025-11-24.00:09:42::SCWPlatform::Trying to open the hw design at D:/Vivado_Projects/Assignment_3/pc/sw/design_1_wrapper/hw/design_1_wrapper.xsa
TRACE::2025-11-24.00:09:42::SCWPlatform::DSA given D:/Vivado_Projects/Assignment_3/pc/sw/design_1_wrapper/hw/design_1_wrapper.xsa
TRACE::2025-11-24.00:09:42::SCWPlatform::DSA absoulate path D:/Vivado_Projects/Assignment_3/pc/sw/design_1_wrapper/hw/design_1_wrapper.xsa
TRACE::2025-11-24.00:09:42::SCWPlatform::DSA directory D:/Vivado_Projects/Assignment_3/pc/sw/design_1_wrapper/hw
TRACE::2025-11-24.00:09:42::SCWPlatform:: Platform Path D:/Vivado_Projects/Assignment_3/pc/sw/design_1_wrapper/hw/design_1_wrapper.xsa
TRACE::2025-11-24.00:09:42::SCWPlatform:: Unique name xilinx:zedboard::0.0
TRACE::2025-11-24.00:09:42::SCWPlatform::Trying to set the existing hwdb with name design_1_wrapper_0
TRACE::2025-11-24.00:09:42::SCWPlatform::Opened existing hwdb design_1_wrapper_0
TRACE::2025-11-24.00:09:42::SCWPlatform::Found the Hw Db part of the input DSA
TRACE::2025-11-24.00:09:42::SCWMssOS::Checking the sw design at  D:/Vivado_Projects/Assignment_3/pc/sw/design_1_wrapper/ps7_cortexa9_0/freertos10_xilinx_ps7_cortexa9_0/bsp/system.mss
TRACE::2025-11-24.00:09:42::SCWMssOS::DEBUG:  swdes dump  D:/Vivado_Projects/Assignment_3/pc/sw/design_1_wrapper/ps7_cortexa9_0/freertos10_xilinx_ps7_cortexa9_0/bsp/system.mss|system_0||
D:/Vivado_Projects/Assignment_3/pc/sw/design_1_wrapper/zynq_fsbl/zynq_fsbl_bsp/system.mss|system||

TRACE::2025-11-24.00:09:42::SCWMssOS::Sw design exists and opened at  D:/Vivado_Projects/Assignment_3/pc/sw/design_1_wrapper/ps7_cortexa9_0/freertos10_xilinx_ps7_cortexa9_0/bsp/system.mss
TRACE::2025-11-24.00:09:42::SCWPlatform::Trying to open the hw design at D:/Vivado_Projects/Assignment_3/pc/sw/design_1_wrapper/hw/design_1_wrapper.xsa
TRACE::2025-11-24.00:09:42::SCWPlatform::DSA given D:/Vivado_Projects/Assignment_3/pc/sw/design_1_wrapper/hw/design_1_wrapper.xsa
TRACE::2025-11-24.00:09:42::SCWPlatform::DSA absoulate path D:/Vivado_Projects/Assignment_3/pc/sw/design_1_wrapper/hw/design_1_wrapper.xsa
TRACE::2025-11-24.00:09:42::SCWPlatform::DSA directory D:/Vivado_Projects/Assignment_3/pc/sw/design_1_wrapper/hw
TRACE::2025-11-24.00:09:42::SCWPlatform:: Platform Path D:/Vivado_Projects/Assignment_3/pc/sw/design_1_wrapper/hw/design_1_wrapper.xsa
TRACE::2025-11-24.00:09:42::SCWPlatform:: Unique name xilinx:zedboard::0.0
TRACE::2025-11-24.00:09:42::SCWPlatform::Trying to set the existing hwdb with name design_1_wrapper_0
TRACE::2025-11-24.00:09:42::SCWPlatform::Opened existing hwdb design_1_wrapper_0
TRACE::2025-11-24.00:09:42::SCWPlatform::Found the Hw Db part of the input DSA
TRACE::2025-11-24.00:09:42::SCWMssOS::Checking the sw design at  D:/Vivado_Projects/Assignment_3/pc/sw/design_1_wrapper/ps7_cortexa9_0/freertos10_xilinx_ps7_cortexa9_0/bsp/system.mss
TRACE::2025-11-24.00:09:42::SCWMssOS::DEBUG:  swdes dump  D:/Vivado_Projects/Assignment_3/pc/sw/design_1_wrapper/ps7_cortexa9_0/freertos10_xilinx_ps7_cortexa9_0/bsp/system.mss|system_0||
D:/Vivado_Projects/Assignment_3/pc/sw/design_1_wrapper/zynq_fsbl/zynq_fsbl_bsp/system.mss|system||

TRACE::2025-11-24.00:09:42::SCWMssOS::Sw design exists and opened at  D:/Vivado_Projects/Assignment_3/pc/sw/design_1_wrapper/ps7_cortexa9_0/freertos10_xilinx_ps7_cortexa9_0/bsp/system.mss
TRACE::2025-11-24.00:09:42::SCWPlatform::Trying to open the hw design at D:/Vivado_Projects/Assignment_3/pc/sw/design_1_wrapper/hw/design_1_wrapper.xsa
TRACE::2025-11-24.00:09:42::SCWPlatform::DSA given D:/Vivado_Projects/Assignment_3/pc/sw/design_1_wrapper/hw/design_1_wrapper.xsa
TRACE::2025-11-24.00:09:42::SCWPlatform::DSA absoulate path D:/Vivado_Projects/Assignment_3/pc/sw/design_1_wrapper/hw/design_1_wrapper.xsa
TRACE::2025-11-24.00:09:42::SCWPlatform::DSA directory D:/Vivado_Projects/Assignment_3/pc/sw/design_1_wrapper/hw
TRACE::2025-11-24.00:09:42::SCWPlatform:: Platform Path D:/Vivado_Projects/Assignment_3/pc/sw/design_1_wrapper/hw/design_1_wrapper.xsa
TRACE::2025-11-24.00:09:42::SCWPlatform:: Unique name xilinx:zedboard::0.0
TRACE::2025-11-24.00:09:42::SCWPlatform::Trying to set the existing hwdb with name design_1_wrapper_0
TRACE::2025-11-24.00:09:42::SCWPlatform::Opened existing hwdb design_1_wrapper_0
TRACE::2025-11-24.00:09:42::SCWPlatform::Found the Hw Db part of the input DSA
TRACE::2025-11-24.00:09:42::SCWMssOS::Checking the sw design at  D:/Vivado_Projects/Assignment_3/pc/sw/design_1_wrapper/ps7_cortexa9_0/freertos10_xilinx_ps7_cortexa9_0/bsp/system.mss
TRACE::2025-11-24.00:09:42::SCWMssOS::DEBUG:  swdes dump  D:/Vivado_Projects/Assignment_3/pc/sw/design_1_wrapper/ps7_cortexa9_0/freertos10_xilinx_ps7_cortexa9_0/bsp/system.mss|system_0||
D:/Vivado_Projects/Assignment_3/pc/sw/design_1_wrapper/zynq_fsbl/zynq_fsbl_bsp/system.mss|system||

TRACE::2025-11-24.00:09:42::SCWMssOS::Sw design exists and opened at  D:/Vivado_Projects/Assignment_3/pc/sw/design_1_wrapper/ps7_cortexa9_0/freertos10_xilinx_ps7_cortexa9_0/bsp/system.mss
TRACE::2025-11-24.00:09:42::SCWWriter::formatted JSON is {
	"platformName":	"design_1_wrapper",
	"sprVersion":	"2.0",
	"mode":	"gui",
	"dsaType":	"Fixed",
	"platformDesc":	"design_1_wrapper",
	"platHandOff":	"<platformDir>.xsa",
	"platIntHandOff":	"<platformDir>/hw/design_1_wrapper.xsa",
	"deviceType":	"zynq",
	"platIsPrebuiltAutogen":	"false",
	"platIsNoBootBsp":	"false",
	"platFsblTarget":	"ps7_cortexa9_0",
	"hasFsblMakeHasChanges":	"false",
	"hasPmufwMakeHasChanges":	"false",
	"fsblExtraCompilerFlags":	"-MMD -MP       -mcpu=cortex-a9 -mfpu=vfpv3 -mfloat-abi=hard ",
	"platPreBuiltFlag":	false,
	"platformSamplesDir":	"",
	"platActiveSys":	"design_1_wrapper",
	"systems":	[{
			"systemName":	"design_1_wrapper",
			"systemDesc":	"design_1_wrapper",
			"sysIsBootAutoGen":	"true",
			"systemDispName":	"design_1_wrapper",
			"sysActiveDom":	"freertos10_xilinx_ps7_cortexa9_0",
			"sysDefaultDom":	"freertos10_xilinx_ps7_cortexa9_0",
			"domains":	[{
					"domainName":	"zynq_fsbl",
					"domainDispName":	"zynq_fsbl",
					"domainDesc":	"FSBL Application BSP - Auto Generated.",
					"processors":	"ps7_cortexa9_0",
					"os":	"standalone",
					"sdxOs":	"standalone",
					"debugEnable":	"",
					"domRuntimes":	["cpp"],
					"swRepo":	"",
					"mssOsVer":	"7.6",
					"mssFile":	"",
					"md5Digest":	"3bba37a53eb16dee446165a5bd4dbb5f",
					"compatibleApp":	"zynq_fsbl",
					"domType":	"bootDomain",
					"arch":	"32-bit",
					"appSettings":	{
						"appCompilerFlags":	"",
						"appLinkerFlags":	""
					},
					"addedLibs":	["xilffs:4.6", "xilrsa:1.6"],
					"libOptions":	{
						"libsContainingOptions":	[]
					},
					"prebuiltLibs":	{
						"prebuiltIncPath":	[],
						"prebuiltLibPath":	[]
					},
					"isolation":	{
					}
				}, {
					"domainName":	"freertos10_xilinx_ps7_cortexa9_0",
					"domainDispName":	"freertos10_xilinx_ps7_cortexa9_0",
					"domainDesc":	"freertos10_xilinx_ps7_cortexa9_0",
					"processors":	"ps7_cortexa9_0",
					"os":	"freertos10_xilinx",
					"sdxOs":	"freertos10_xilinx",
					"qemuArgs":	"D:/Softwares/Xilinx/Vitis/2021.2/data/emulation/platforms/zynq/sw/a9_standalone/qemu/qemu_args.txt",
					"qemuData":	"D:/Softwares/Xilinx/Vitis/2021.2/data/emulation/platforms/zynq/sw/a9_standalone/qemu/",
					"debugEnable":	"False",
					"domRuntimes":	["cpp"],
					"swRepo":	"",
					"mssOsVer":	"1.10",
					"mssFile":	"",
					"md5Digest":	"4dc11a1cd5cf137f66a29bd78f0fc694",
					"compatibleApp":	"empty_application",
					"domType":	"mssDomain",
					"arch":	"32-bit",
					"appSettings":	{
						"appCompilerFlags":	"",
						"appLinkerFlags":	""
					},
					"addedLibs":	[],
					"libOptions":	{
						"libsContainingOptions":	[]
					},
					"prebuiltLibs":	{
						"prebuiltIncPath":	[],
						"prebuiltLibPath":	[]
					},
					"isolation":	{
					}
				}]
		}]
}
LOG::2025-11-24.00:09:42::SCWPlatform::Started generating the artifacts platform design_1_wrapper
TRACE::2025-11-24.00:09:42::SCWPlatform::Sanity checking of platform is completed
LOG::2025-11-24.00:09:42::SCWPlatform::Started generating the artifacts for system configuration design_1_wrapper
LOG::2025-11-24.00:09:42::SCWSystem::Started Processing the domain freertos10_xilinx_ps7_cortexa9_0
TRACE::2025-11-24.00:09:42::SCWDomain::Generating domain artifcats
TRACE::2025-11-24.00:09:42::SCWMssOS::Generating standalone artifcats
TRACE::2025-11-24.00:09:42::SCWMssOS::Copying the qemu file from  D:/Softwares/Xilinx/Vitis/2021.2/data/emulation/platforms/zynq/sw/a9_standalone/qemu/qemu_args.txt To D:/Vivado_Projects/Assignment_3/pc/sw/design_1_wrapper/export/design_1_wrapper/sw/design_1_wrapper/qemu/
TRACE::2025-11-24.00:09:42::SCWMssOS::Copying the qemu file from  D:/Softwares/Xilinx/Vitis/2021.2/data/emulation/platforms/zynq/sw/a9_standalone/qemu/qemu_args.txt To D:/Vivado_Projects/Assignment_3/pc/sw/design_1_wrapper/export/design_1_wrapper/sw/design_1_wrapper/freertos10_xilinx_ps7_cortexa9_0/qemu/
TRACE::2025-11-24.00:09:42::SCWMssOS:: Copying the user libraries. 
TRACE::2025-11-24.00:09:42::SCWPlatform::Trying to open the hw design at D:/Vivado_Projects/Assignment_3/pc/sw/design_1_wrapper/hw/design_1_wrapper.xsa
TRACE::2025-11-24.00:09:42::SCWPlatform::DSA given D:/Vivado_Projects/Assignment_3/pc/sw/design_1_wrapper/hw/design_1_wrapper.xsa
TRACE::2025-11-24.00:09:42::SCWPlatform::DSA absoulate path D:/Vivado_Projects/Assignment_3/pc/sw/design_1_wrapper/hw/design_1_wrapper.xsa
TRACE::2025-11-24.00:09:42::SCWPlatform::DSA directory D:/Vivado_Projects/Assignment_3/pc/sw/design_1_wrapper/hw
TRACE::2025-11-24.00:09:42::SCWPlatform:: Platform Path D:/Vivado_Projects/Assignment_3/pc/sw/design_1_wrapper/hw/design_1_wrapper.xsa
TRACE::2025-11-24.00:09:42::SCWPlatform:: Unique name xilinx:zedboard::0.0
TRACE::2025-11-24.00:09:42::SCWPlatform::Trying to set the existing hwdb with name design_1_wrapper_0
TRACE::2025-11-24.00:09:42::SCWPlatform::Opened existing hwdb design_1_wrapper_0
TRACE::2025-11-24.00:09:42::SCWPlatform::Found the Hw Db part of the input DSA
TRACE::2025-11-24.00:09:42::SCWMssOS::Checking the sw design at  D:/Vivado_Projects/Assignment_3/pc/sw/design_1_wrapper/ps7_cortexa9_0/freertos10_xilinx_ps7_cortexa9_0/bsp/system.mss
TRACE::2025-11-24.00:09:42::SCWMssOS::DEBUG:  swdes dump  D:/Vivado_Projects/Assignment_3/pc/sw/design_1_wrapper/ps7_cortexa9_0/freertos10_xilinx_ps7_cortexa9_0/bsp/system.mss|system_0||
D:/Vivado_Projects/Assignment_3/pc/sw/design_1_wrapper/zynq_fsbl/zynq_fsbl_bsp/system.mss|system||

TRACE::2025-11-24.00:09:42::SCWMssOS::Sw design exists and opened at  D:/Vivado_Projects/Assignment_3/pc/sw/design_1_wrapper/ps7_cortexa9_0/freertos10_xilinx_ps7_cortexa9_0/bsp/system.mss
TRACE::2025-11-24.00:09:42::SCWMssOS::Completed writing the mss file at D:/Vivado_Projects/Assignment_3/pc/sw/design_1_wrapper/ps7_cortexa9_0/freertos10_xilinx_ps7_cortexa9_0/bsp
TRACE::2025-11-24.00:09:42::SCWMssOS::Mss edits present, copying mssfile into export location D:/Vivado_Projects/Assignment_3/pc/sw/design_1_wrapper/ps7_cortexa9_0/freertos10_xilinx_ps7_cortexa9_0/bsp/system.mss
TRACE::2025-11-24.00:09:42::SCWMssOS::bsp generated is upto date with the mss file. Skipping bsp generation.
TRACE::2025-11-24.00:09:42::SCWMssOS::BSP is already built. skipping the bsp build ... 
TRACE::2025-11-24.00:09:42::SCWDomain::Building the domain as part of full build :  freertos10_xilinx_ps7_cortexa9_0
TRACE::2025-11-24.00:09:42::SCWMssOS::skipping the bsp build ... 
TRACE::2025-11-24.00:09:42::SCWMssOS::Copying to export directory.
TRACE::2025-11-24.00:09:42::SCWMssOS:: Checking if to create the Supporting Applications
TRACE::2025-11-24.00:09:42::SCWMssOS:: No Linux domain exists, trying to generate FSBL 
TRACE::2025-11-24.00:09:42::SCWMssOS:: Completed Standalone Artifacts creation 
LOG::2025-11-24.00:09:42::SCWSystem::Completed Processing the domain freertos10_xilinx_ps7_cortexa9_0
LOG::2025-11-24.00:09:42::SCWSystem::Completed Processing the sysconfig design_1_wrapper
LOG::2025-11-24.00:09:42::SCWPlatform::Completed generating the artifacts for system configuration design_1_wrapper
TRACE::2025-11-24.00:09:42::SCWPlatform::Started preparing the platform 
TRACE::2025-11-24.00:09:42::SCWSystem::Writing the bif file for system config design_1_wrapper
TRACE::2025-11-24.00:09:42::SCWSystem::dir created 
TRACE::2025-11-24.00:09:42::SCWSystem::Writing the bif 
TRACE::2025-11-24.00:09:42::SCWPlatform::Started writing the spfm file 
TRACE::2025-11-24.00:09:42::SCWPlatform::Started writing the xpfm file 
TRACE::2025-11-24.00:09:42::SCWPlatform::Completed generating the platform
TRACE::2025-11-24.00:09:42::SCWMssOS::Saving the mss changes D:/Vivado_Projects/Assignment_3/pc/sw/design_1_wrapper/zynq_fsbl/zynq_fsbl_bsp/system.mss
TRACE::2025-11-24.00:09:42::SCWMssOS::Found a swdesign opened with the mssfile.
TRACE::2025-11-24.00:09:42::SCWMssOS::Completed writemss as part of save.
TRACE::2025-11-24.00:09:42::SCWMssOS::Commit changes completed.
TRACE::2025-11-24.00:09:42::SCWMssOS::Saving the mss changes D:/Vivado_Projects/Assignment_3/pc/sw/design_1_wrapper/ps7_cortexa9_0/freertos10_xilinx_ps7_cortexa9_0/bsp/system.mss
TRACE::2025-11-24.00:09:42::SCWMssOS::Found a swdesign opened with the mssfile.
TRACE::2025-11-24.00:09:42::SCWMssOS::Completed writemss as part of save.
TRACE::2025-11-24.00:09:42::SCWMssOS::Commit changes completed.
TRACE::2025-11-24.00:09:42::SCWPlatform::Trying to open the hw design at D:/Vivado_Projects/Assignment_3/pc/sw/design_1_wrapper/hw/design_1_wrapper.xsa
TRACE::2025-11-24.00:09:42::SCWPlatform::DSA given D:/Vivado_Projects/Assignment_3/pc/sw/design_1_wrapper/hw/design_1_wrapper.xsa
TRACE::2025-11-24.00:09:42::SCWPlatform::DSA absoulate path D:/Vivado_Projects/Assignment_3/pc/sw/design_1_wrapper/hw/design_1_wrapper.xsa
TRACE::2025-11-24.00:09:42::SCWPlatform::DSA directory D:/Vivado_Projects/Assignment_3/pc/sw/design_1_wrapper/hw
TRACE::2025-11-24.00:09:42::SCWPlatform:: Platform Path D:/Vivado_Projects/Assignment_3/pc/sw/design_1_wrapper/hw/design_1_wrapper.xsa
TRACE::2025-11-24.00:09:42::SCWPlatform:: Unique name xilinx:zedboard::0.0
TRACE::2025-11-24.00:09:42::SCWPlatform::Trying to set the existing hwdb with name design_1_wrapper_0
TRACE::2025-11-24.00:09:42::SCWPlatform::Opened existing hwdb design_1_wrapper_0
TRACE::2025-11-24.00:09:42::SCWPlatform::Found the Hw Db part of the input DSA
TRACE::2025-11-24.00:09:42::SCWMssOS::Checking the sw design at  D:/Vivado_Projects/Assignment_3/pc/sw/design_1_wrapper/zynq_fsbl/zynq_fsbl_bsp/system.mss
TRACE::2025-11-24.00:09:42::SCWMssOS::DEBUG:  swdes dump  D:/Vivado_Projects/Assignment_3/pc/sw/design_1_wrapper/ps7_cortexa9_0/freertos10_xilinx_ps7_cortexa9_0/bsp/system.mss|system_0||
D:/Vivado_Projects/Assignment_3/pc/sw/design_1_wrapper/zynq_fsbl/zynq_fsbl_bsp/system.mss|system||

TRACE::2025-11-24.00:09:42::SCWMssOS::Sw design exists and opened at  D:/Vivado_Projects/Assignment_3/pc/sw/design_1_wrapper/zynq_fsbl/zynq_fsbl_bsp/system.mss
TRACE::2025-11-24.00:09:42::SCWPlatform::Trying to open the hw design at D:/Vivado_Projects/Assignment_3/pc/sw/design_1_wrapper/hw/design_1_wrapper.xsa
TRACE::2025-11-24.00:09:42::SCWPlatform::DSA given D:/Vivado_Projects/Assignment_3/pc/sw/design_1_wrapper/hw/design_1_wrapper.xsa
TRACE::2025-11-24.00:09:42::SCWPlatform::DSA absoulate path D:/Vivado_Projects/Assignment_3/pc/sw/design_1_wrapper/hw/design_1_wrapper.xsa
TRACE::2025-11-24.00:09:42::SCWPlatform::DSA directory D:/Vivado_Projects/Assignment_3/pc/sw/design_1_wrapper/hw
TRACE::2025-11-24.00:09:42::SCWPlatform:: Platform Path D:/Vivado_Projects/Assignment_3/pc/sw/design_1_wrapper/hw/design_1_wrapper.xsa
TRACE::2025-11-24.00:09:42::SCWPlatform:: Unique name xilinx:zedboard::0.0
TRACE::2025-11-24.00:09:42::SCWPlatform::Trying to set the existing hwdb with name design_1_wrapper_0
TRACE::2025-11-24.00:09:42::SCWPlatform::Opened existing hwdb design_1_wrapper_0
TRACE::2025-11-24.00:09:42::SCWPlatform::Found the Hw Db part of the input DSA
TRACE::2025-11-24.00:09:42::SCWMssOS::Checking the sw design at  D:/Vivado_Projects/Assignment_3/pc/sw/design_1_wrapper/zynq_fsbl/zynq_fsbl_bsp/system.mss
TRACE::2025-11-24.00:09:42::SCWMssOS::DEBUG:  swdes dump  D:/Vivado_Projects/Assignment_3/pc/sw/design_1_wrapper/ps7_cortexa9_0/freertos10_xilinx_ps7_cortexa9_0/bsp/system.mss|system_0||
D:/Vivado_Projects/Assignment_3/pc/sw/design_1_wrapper/zynq_fsbl/zynq_fsbl_bsp/system.mss|system||

TRACE::2025-11-24.00:09:42::SCWMssOS::Sw design exists and opened at  D:/Vivado_Projects/Assignment_3/pc/sw/design_1_wrapper/zynq_fsbl/zynq_fsbl_bsp/system.mss
TRACE::2025-11-24.00:09:42::SCWPlatform::Trying to open the hw design at D:/Vivado_Projects/Assignment_3/pc/sw/design_1_wrapper/hw/design_1_wrapper.xsa
TRACE::2025-11-24.00:09:42::SCWPlatform::DSA given D:/Vivado_Projects/Assignment_3/pc/sw/design_1_wrapper/hw/design_1_wrapper.xsa
TRACE::2025-11-24.00:09:42::SCWPlatform::DSA absoulate path D:/Vivado_Projects/Assignment_3/pc/sw/design_1_wrapper/hw/design_1_wrapper.xsa
TRACE::2025-11-24.00:09:42::SCWPlatform::DSA directory D:/Vivado_Projects/Assignment_3/pc/sw/design_1_wrapper/hw
TRACE::2025-11-24.00:09:42::SCWPlatform:: Platform Path D:/Vivado_Projects/Assignment_3/pc/sw/design_1_wrapper/hw/design_1_wrapper.xsa
TRACE::2025-11-24.00:09:42::SCWPlatform:: Unique name xilinx:zedboard::0.0
TRACE::2025-11-24.00:09:42::SCWPlatform::Trying to set the existing hwdb with name design_1_wrapper_0
TRACE::2025-11-24.00:09:42::SCWPlatform::Opened existing hwdb design_1_wrapper_0
TRACE::2025-11-24.00:09:42::SCWPlatform::Found the Hw Db part of the input DSA
TRACE::2025-11-24.00:09:42::SCWMssOS::Checking the sw design at  D:/Vivado_Projects/Assignment_3/pc/sw/design_1_wrapper/zynq_fsbl/zynq_fsbl_bsp/system.mss
TRACE::2025-11-24.00:09:42::SCWMssOS::DEBUG:  swdes dump  D:/Vivado_Projects/Assignment_3/pc/sw/design_1_wrapper/ps7_cortexa9_0/freertos10_xilinx_ps7_cortexa9_0/bsp/system.mss|system_0||
D:/Vivado_Projects/Assignment_3/pc/sw/design_1_wrapper/zynq_fsbl/zynq_fsbl_bsp/system.mss|system||

TRACE::2025-11-24.00:09:42::SCWMssOS::Sw design exists and opened at  D:/Vivado_Projects/Assignment_3/pc/sw/design_1_wrapper/zynq_fsbl/zynq_fsbl_bsp/system.mss
TRACE::2025-11-24.00:09:42::SCWPlatform::Trying to open the hw design at D:/Vivado_Projects/Assignment_3/pc/sw/design_1_wrapper/hw/design_1_wrapper.xsa
TRACE::2025-11-24.00:09:42::SCWPlatform::DSA given D:/Vivado_Projects/Assignment_3/pc/sw/design_1_wrapper/hw/design_1_wrapper.xsa
TRACE::2025-11-24.00:09:42::SCWPlatform::DSA absoulate path D:/Vivado_Projects/Assignment_3/pc/sw/design_1_wrapper/hw/design_1_wrapper.xsa
TRACE::2025-11-24.00:09:42::SCWPlatform::DSA directory D:/Vivado_Projects/Assignment_3/pc/sw/design_1_wrapper/hw
TRACE::2025-11-24.00:09:42::SCWPlatform:: Platform Path D:/Vivado_Projects/Assignment_3/pc/sw/design_1_wrapper/hw/design_1_wrapper.xsa
TRACE::2025-11-24.00:09:42::SCWPlatform:: Unique name xilinx:zedboard::0.0
TRACE::2025-11-24.00:09:42::SCWPlatform::Trying to set the existing hwdb with name design_1_wrapper_0
TRACE::2025-11-24.00:09:42::SCWPlatform::Opened existing hwdb design_1_wrapper_0
TRACE::2025-11-24.00:09:42::SCWPlatform::Found the Hw Db part of the input DSA
TRACE::2025-11-24.00:09:42::SCWMssOS::Checking the sw design at  D:/Vivado_Projects/Assignment_3/pc/sw/design_1_wrapper/ps7_cortexa9_0/freertos10_xilinx_ps7_cortexa9_0/bsp/system.mss
TRACE::2025-11-24.00:09:42::SCWMssOS::DEBUG:  swdes dump  D:/Vivado_Projects/Assignment_3/pc/sw/design_1_wrapper/ps7_cortexa9_0/freertos10_xilinx_ps7_cortexa9_0/bsp/system.mss|system_0||
D:/Vivado_Projects/Assignment_3/pc/sw/design_1_wrapper/zynq_fsbl/zynq_fsbl_bsp/system.mss|system||

TRACE::2025-11-24.00:09:42::SCWMssOS::Sw design exists and opened at  D:/Vivado_Projects/Assignment_3/pc/sw/design_1_wrapper/ps7_cortexa9_0/freertos10_xilinx_ps7_cortexa9_0/bsp/system.mss
TRACE::2025-11-24.00:09:42::SCWPlatform::Trying to open the hw design at D:/Vivado_Projects/Assignment_3/pc/sw/design_1_wrapper/hw/design_1_wrapper.xsa
TRACE::2025-11-24.00:09:42::SCWPlatform::DSA given D:/Vivado_Projects/Assignment_3/pc/sw/design_1_wrapper/hw/design_1_wrapper.xsa
TRACE::2025-11-24.00:09:42::SCWPlatform::DSA absoulate path D:/Vivado_Projects/Assignment_3/pc/sw/design_1_wrapper/hw/design_1_wrapper.xsa
TRACE::2025-11-24.00:09:42::SCWPlatform::DSA directory D:/Vivado_Projects/Assignment_3/pc/sw/design_1_wrapper/hw
TRACE::2025-11-24.00:09:42::SCWPlatform:: Platform Path D:/Vivado_Projects/Assignment_3/pc/sw/design_1_wrapper/hw/design_1_wrapper.xsa
TRACE::2025-11-24.00:09:42::SCWPlatform:: Unique name xilinx:zedboard::0.0
TRACE::2025-11-24.00:09:42::SCWPlatform::Trying to set the existing hwdb with name design_1_wrapper_0
TRACE::2025-11-24.00:09:42::SCWPlatform::Opened existing hwdb design_1_wrapper_0
TRACE::2025-11-24.00:09:42::SCWPlatform::Found the Hw Db part of the input DSA
TRACE::2025-11-24.00:09:42::SCWMssOS::Checking the sw design at  D:/Vivado_Projects/Assignment_3/pc/sw/design_1_wrapper/ps7_cortexa9_0/freertos10_xilinx_ps7_cortexa9_0/bsp/system.mss
TRACE::2025-11-24.00:09:42::SCWMssOS::DEBUG:  swdes dump  D:/Vivado_Projects/Assignment_3/pc/sw/design_1_wrapper/ps7_cortexa9_0/freertos10_xilinx_ps7_cortexa9_0/bsp/system.mss|system_0||
D:/Vivado_Projects/Assignment_3/pc/sw/design_1_wrapper/zynq_fsbl/zynq_fsbl_bsp/system.mss|system||

TRACE::2025-11-24.00:09:42::SCWMssOS::Sw design exists and opened at  D:/Vivado_Projects/Assignment_3/pc/sw/design_1_wrapper/ps7_cortexa9_0/freertos10_xilinx_ps7_cortexa9_0/bsp/system.mss
TRACE::2025-11-24.00:09:42::SCWPlatform::Trying to open the hw design at D:/Vivado_Projects/Assignment_3/pc/sw/design_1_wrapper/hw/design_1_wrapper.xsa
TRACE::2025-11-24.00:09:42::SCWPlatform::DSA given D:/Vivado_Projects/Assignment_3/pc/sw/design_1_wrapper/hw/design_1_wrapper.xsa
TRACE::2025-11-24.00:09:42::SCWPlatform::DSA absoulate path D:/Vivado_Projects/Assignment_3/pc/sw/design_1_wrapper/hw/design_1_wrapper.xsa
TRACE::2025-11-24.00:09:42::SCWPlatform::DSA directory D:/Vivado_Projects/Assignment_3/pc/sw/design_1_wrapper/hw
TRACE::2025-11-24.00:09:42::SCWPlatform:: Platform Path D:/Vivado_Projects/Assignment_3/pc/sw/design_1_wrapper/hw/design_1_wrapper.xsa
TRACE::2025-11-24.00:09:42::SCWPlatform:: Unique name xilinx:zedboard::0.0
TRACE::2025-11-24.00:09:42::SCWPlatform::Trying to set the existing hwdb with name design_1_wrapper_0
TRACE::2025-11-24.00:09:42::SCWPlatform::Opened existing hwdb design_1_wrapper_0
TRACE::2025-11-24.00:09:42::SCWPlatform::Found the Hw Db part of the input DSA
TRACE::2025-11-24.00:09:42::SCWMssOS::Checking the sw design at  D:/Vivado_Projects/Assignment_3/pc/sw/design_1_wrapper/ps7_cortexa9_0/freertos10_xilinx_ps7_cortexa9_0/bsp/system.mss
TRACE::2025-11-24.00:09:42::SCWMssOS::DEBUG:  swdes dump  D:/Vivado_Projects/Assignment_3/pc/sw/design_1_wrapper/ps7_cortexa9_0/freertos10_xilinx_ps7_cortexa9_0/bsp/system.mss|system_0||
D:/Vivado_Projects/Assignment_3/pc/sw/design_1_wrapper/zynq_fsbl/zynq_fsbl_bsp/system.mss|system||

TRACE::2025-11-24.00:09:42::SCWMssOS::Sw design exists and opened at  D:/Vivado_Projects/Assignment_3/pc/sw/design_1_wrapper/ps7_cortexa9_0/freertos10_xilinx_ps7_cortexa9_0/bsp/system.mss
TRACE::2025-11-24.00:09:42::SCWWriter::formatted JSON is {
	"platformName":	"design_1_wrapper",
	"sprVersion":	"2.0",
	"mode":	"gui",
	"dsaType":	"Fixed",
	"platformDesc":	"design_1_wrapper",
	"platHandOff":	"<platformDir>.xsa",
	"platIntHandOff":	"<platformDir>/hw/design_1_wrapper.xsa",
	"deviceType":	"zynq",
	"platIsPrebuiltAutogen":	"false",
	"platIsNoBootBsp":	"false",
	"platFsblTarget":	"ps7_cortexa9_0",
	"hasFsblMakeHasChanges":	"false",
	"hasPmufwMakeHasChanges":	"false",
	"fsblExtraCompilerFlags":	"-MMD -MP       -mcpu=cortex-a9 -mfpu=vfpv3 -mfloat-abi=hard ",
	"platPreBuiltFlag":	false,
	"platformSamplesDir":	"",
	"platActiveSys":	"design_1_wrapper",
	"systems":	[{
			"systemName":	"design_1_wrapper",
			"systemDesc":	"design_1_wrapper",
			"sysIsBootAutoGen":	"true",
			"systemDispName":	"design_1_wrapper",
			"sysActiveDom":	"freertos10_xilinx_ps7_cortexa9_0",
			"sysDefaultDom":	"freertos10_xilinx_ps7_cortexa9_0",
			"domains":	[{
					"domainName":	"zynq_fsbl",
					"domainDispName":	"zynq_fsbl",
					"domainDesc":	"FSBL Application BSP - Auto Generated.",
					"processors":	"ps7_cortexa9_0",
					"os":	"standalone",
					"sdxOs":	"standalone",
					"debugEnable":	"",
					"domRuntimes":	["cpp"],
					"swRepo":	"",
					"mssOsVer":	"7.6",
					"mssFile":	"",
					"md5Digest":	"3bba37a53eb16dee446165a5bd4dbb5f",
					"compatibleApp":	"zynq_fsbl",
					"domType":	"bootDomain",
					"arch":	"32-bit",
					"appSettings":	{
						"appCompilerFlags":	"",
						"appLinkerFlags":	""
					},
					"addedLibs":	["xilffs:4.6", "xilrsa:1.6"],
					"libOptions":	{
						"libsContainingOptions":	[]
					},
					"prebuiltLibs":	{
						"prebuiltIncPath":	[],
						"prebuiltLibPath":	[]
					},
					"isolation":	{
					}
				}, {
					"domainName":	"freertos10_xilinx_ps7_cortexa9_0",
					"domainDispName":	"freertos10_xilinx_ps7_cortexa9_0",
					"domainDesc":	"freertos10_xilinx_ps7_cortexa9_0",
					"processors":	"ps7_cortexa9_0",
					"os":	"freertos10_xilinx",
					"sdxOs":	"freertos10_xilinx",
					"qemuArgs":	"D:/Softwares/Xilinx/Vitis/2021.2/data/emulation/platforms/zynq/sw/a9_standalone/qemu/qemu_args.txt",
					"qemuData":	"D:/Softwares/Xilinx/Vitis/2021.2/data/emulation/platforms/zynq/sw/a9_standalone/qemu/",
					"debugEnable":	"False",
					"domRuntimes":	["cpp"],
					"swRepo":	"",
					"mssOsVer":	"1.10",
					"mssFile":	"",
					"md5Digest":	"4dc11a1cd5cf137f66a29bd78f0fc694",
					"compatibleApp":	"empty_application",
					"domType":	"mssDomain",
					"arch":	"32-bit",
					"appSettings":	{
						"appCompilerFlags":	"",
						"appLinkerFlags":	""
					},
					"addedLibs":	[],
					"libOptions":	{
						"libsContainingOptions":	[]
					},
					"prebuiltLibs":	{
						"prebuiltIncPath":	[],
						"prebuiltLibPath":	[]
					},
					"isolation":	{
					}
				}]
		}]
}
KEYINFO::2025-11-24.00:09:42::SCWPlatform::updated the xpfm file.
LOG::2025-11-24.00:11:07::SCWPlatform::Started generating the artifacts platform design_1_wrapper
TRACE::2025-11-24.00:11:07::SCWPlatform::Sanity checking of platform is completed
LOG::2025-11-24.00:11:07::SCWPlatform::Started generating the artifacts for system configuration design_1_wrapper
LOG::2025-11-24.00:11:07::SCWSystem::Checking the domain zynq_fsbl
LOG::2025-11-24.00:11:07::SCWSystem::Doing application build for :  zynq_fsbl
TRACE::2025-11-24.00:11:07::SCWBDomain::Not a forced makefile updation, No changes are present. 
TRACE::2025-11-24.00:11:07::SCWDomain::Building the domain as part of full build :  zynq_fsbl
TRACE::2025-11-24.00:11:07::SCWPlatform::Trying to open the hw design at D:/Vivado_Projects/Assignment_3/pc/sw/design_1_wrapper/hw/design_1_wrapper.xsa
TRACE::2025-11-24.00:11:07::SCWPlatform::DSA given D:/Vivado_Projects/Assignment_3/pc/sw/design_1_wrapper/hw/design_1_wrapper.xsa
TRACE::2025-11-24.00:11:07::SCWPlatform::DSA absoulate path D:/Vivado_Projects/Assignment_3/pc/sw/design_1_wrapper/hw/design_1_wrapper.xsa
TRACE::2025-11-24.00:11:07::SCWPlatform::DSA directory D:/Vivado_Projects/Assignment_3/pc/sw/design_1_wrapper/hw
TRACE::2025-11-24.00:11:07::SCWPlatform:: Platform Path D:/Vivado_Projects/Assignment_3/pc/sw/design_1_wrapper/hw/design_1_wrapper.xsa
TRACE::2025-11-24.00:11:07::SCWPlatform:: Unique name xilinx:zedboard::0.0
TRACE::2025-11-24.00:11:07::SCWPlatform::Trying to set the existing hwdb with name design_1_wrapper_0
TRACE::2025-11-24.00:11:07::SCWPlatform::Opened existing hwdb design_1_wrapper_0
TRACE::2025-11-24.00:11:07::SCWPlatform::Found the Hw Db part of the input DSA
TRACE::2025-11-24.00:11:07::SCWMssOS::Checking the sw design at  D:/Vivado_Projects/Assignment_3/pc/sw/design_1_wrapper/zynq_fsbl/zynq_fsbl_bsp/system.mss
TRACE::2025-11-24.00:11:07::SCWMssOS::DEBUG:  swdes dump  D:/Vivado_Projects/Assignment_3/pc/sw/design_1_wrapper/ps7_cortexa9_0/freertos10_xilinx_ps7_cortexa9_0/bsp/system.mss|system_0||
D:/Vivado_Projects/Assignment_3/pc/sw/design_1_wrapper/zynq_fsbl/zynq_fsbl_bsp/system.mss|system||

TRACE::2025-11-24.00:11:07::SCWMssOS::Sw design exists and opened at  D:/Vivado_Projects/Assignment_3/pc/sw/design_1_wrapper/zynq_fsbl/zynq_fsbl_bsp/system.mss
TRACE::2025-11-24.00:11:07::SCWBDomain::Completed writing the mss file at D:/Vivado_Projects/Assignment_3/pc/sw/design_1_wrapper/zynq_fsbl/zynq_fsbl_bsp
TRACE::2025-11-24.00:11:07::SCWBDomain::bsp generated is upto date with the mss file. Skipping bsp generation.
TRACE::2025-11-24.00:11:07::SCWBDomain::Not a forced makefile updation, No changes are present. 
TRACE::2025-11-24.00:11:07::SCWBDomain::System Command Ran  D:&  cd  D:/Vivado_Projects/Assignment_3/pc/sw/design_1_wrapper/zynq_fsbl& make -C  zynq_fsbl_bsp & make 
TRACE::2025-11-24.00:11:08::SCWBDomain::make: Entering directory 'D:/Vivado_Projects/Assignment_3/pc/sw/design_1_wrapper/zynq_fsbl/zynq_fsbl_bsp'

TRACE::2025-11-24.00:11:08::SCWBDomain::make --no-print-directory seq_libs

TRACE::2025-11-24.00:11:08::SCWBDomain::"Running Make include in ps7_cortexa9_0/libsrc/coresightps_dcc_v1_8/src"

TRACE::2025-11-24.00:11:08::SCWBDomain::make -C ps7_cortexa9_0/libsrc/coresightps_dcc_v1_8/src -s include  "SHELL=CMD" "COMPILER=arm-none-eabi-gcc" "ASSEMBLER=arm-none
TRACE::2025-11-24.00:11:08::SCWBDomain::-eabi-as" "ARCHIVER=arm-none-eabi-ar" "COMPILER_FLAGS=  -O2 -c" "EXTRA_COMPILER_FLAGS=-mcpu=cortex-a9 -mfpu=vfpv3 -mfloat-abi=h
TRACE::2025-11-24.00:11:08::SCWBDomain::ard -nostartfiles -g -Wall -Wextra -fno-tree-loop-distribute-patterns"

TRACE::2025-11-24.00:11:08::SCWBDomain::"Running Make include in ps7_cortexa9_0/libsrc/cpu_cortexa9_v2_11/src"

TRACE::2025-11-24.00:11:08::SCWBDomain::make -C ps7_cortexa9_0/libsrc/cpu_cortexa9_v2_11/src -s include  "SHELL=CMD" "COMPILER=arm-none-eabi-gcc" "ASSEMBLER=arm-none-e
TRACE::2025-11-24.00:11:08::SCWBDomain::abi-as" "ARCHIVER=arm-none-eabi-ar" "COMPILER_FLAGS=  -O2 -c" "EXTRA_COMPILER_FLAGS=-mcpu=cortex-a9 -mfpu=vfpv3 -mfloat-abi=har
TRACE::2025-11-24.00:11:08::SCWBDomain::d -nostartfiles -g -Wall -Wextra -fno-tree-loop-distribute-patterns"

TRACE::2025-11-24.00:11:08::SCWBDomain::"Running Make include in ps7_cortexa9_0/libsrc/ddrps_v1_2/src"

TRACE::2025-11-24.00:11:08::SCWBDomain::make -C ps7_cortexa9_0/libsrc/ddrps_v1_2/src -s include  "SHELL=CMD" "COMPILER=arm-none-eabi-gcc" "ASSEMBLER=arm-none-eabi-as" 
TRACE::2025-11-24.00:11:08::SCWBDomain::"ARCHIVER=arm-none-eabi-ar" "COMPILER_FLAGS=  -O2 -c" "EXTRA_COMPILER_FLAGS=-mcpu=cortex-a9 -mfpu=vfpv3 -mfloat-abi=hard -nosta
TRACE::2025-11-24.00:11:08::SCWBDomain::rtfiles -g -Wall -Wextra -fno-tree-loop-distribute-patterns"

TRACE::2025-11-24.00:11:08::SCWBDomain::"Running Make include in ps7_cortexa9_0/libsrc/devcfg_v3_7/src"

TRACE::2025-11-24.00:11:08::SCWBDomain::make -C ps7_cortexa9_0/libsrc/devcfg_v3_7/src -s include  "SHELL=CMD" "COMPILER=arm-none-eabi-gcc" "ASSEMBLER=arm-none-eabi-as"
TRACE::2025-11-24.00:11:08::SCWBDomain:: "ARCHIVER=arm-none-eabi-ar" "COMPILER_FLAGS=  -O2 -c" "EXTRA_COMPILER_FLAGS=-mcpu=cortex-a9 -mfpu=vfpv3 -mfloat-abi=hard -nost
TRACE::2025-11-24.00:11:08::SCWBDomain::artfiles -g -Wall -Wextra -fno-tree-loop-distribute-patterns"

TRACE::2025-11-24.00:11:08::SCWBDomain::"Running Make include in ps7_cortexa9_0/libsrc/dmaps_v2_8/src"

TRACE::2025-11-24.00:11:08::SCWBDomain::make -C ps7_cortexa9_0/libsrc/dmaps_v2_8/src -s include  "SHELL=CMD" "COMPILER=arm-none-eabi-gcc" "ASSEMBLER=arm-none-eabi-as" 
TRACE::2025-11-24.00:11:08::SCWBDomain::"ARCHIVER=arm-none-eabi-ar" "COMPILER_FLAGS=  -O2 -c" "EXTRA_COMPILER_FLAGS=-mcpu=cortex-a9 -mfpu=vfpv3 -mfloat-abi=hard -nosta
TRACE::2025-11-24.00:11:08::SCWBDomain::rtfiles -g -Wall -Wextra -fno-tree-loop-distribute-patterns"

TRACE::2025-11-24.00:11:08::SCWBDomain::"Running Make include in ps7_cortexa9_0/libsrc/emacps_v3_15/src"

TRACE::2025-11-24.00:11:08::SCWBDomain::make -C ps7_cortexa9_0/libsrc/emacps_v3_15/src -s include  "SHELL=CMD" "COMPILER=arm-none-eabi-gcc" "ASSEMBLER=arm-none-eabi-as
TRACE::2025-11-24.00:11:08::SCWBDomain::" "ARCHIVER=arm-none-eabi-ar" "COMPILER_FLAGS=  -O2 -c" "EXTRA_COMPILER_FLAGS=-mcpu=cortex-a9 -mfpu=vfpv3 -mfloat-abi=hard -nos
TRACE::2025-11-24.00:11:08::SCWBDomain::tartfiles -g -Wall -Wextra -fno-tree-loop-distribute-patterns"

TRACE::2025-11-24.00:11:08::SCWBDomain::"Running Make include in ps7_cortexa9_0/libsrc/gpiops_v3_9/src"

TRACE::2025-11-24.00:11:08::SCWBDomain::make -C ps7_cortexa9_0/libsrc/gpiops_v3_9/src -s include  "SHELL=CMD" "COMPILER=arm-none-eabi-gcc" "ASSEMBLER=arm-none-eabi-as"
TRACE::2025-11-24.00:11:08::SCWBDomain:: "ARCHIVER=arm-none-eabi-ar" "COMPILER_FLAGS=  -O2 -c" "EXTRA_COMPILER_FLAGS=-mcpu=cortex-a9 -mfpu=vfpv3 -mfloat-abi=hard -nost
TRACE::2025-11-24.00:11:08::SCWBDomain::artfiles -g -Wall -Wextra -fno-tree-loop-distribute-patterns"

TRACE::2025-11-24.00:11:08::SCWBDomain::"Running Make include in ps7_cortexa9_0/libsrc/gpio_v4_8/src"

TRACE::2025-11-24.00:11:08::SCWBDomain::make -C ps7_cortexa9_0/libsrc/gpio_v4_8/src -s include  "SHELL=CMD" "COMPILER=arm-none-eabi-gcc" "ASSEMBLER=arm-none-eabi-as" "
TRACE::2025-11-24.00:11:08::SCWBDomain::ARCHIVER=arm-none-eabi-ar" "COMPILER_FLAGS=  -O2 -c" "EXTRA_COMPILER_FLAGS=-mcpu=cortex-a9 -mfpu=vfpv3 -mfloat-abi=hard -nostar
TRACE::2025-11-24.00:11:08::SCWBDomain::tfiles -g -Wall -Wextra -fno-tree-loop-distribute-patterns"

TRACE::2025-11-24.00:11:08::SCWBDomain::"Running Make include in ps7_cortexa9_0/libsrc/qspips_v3_9/src"

TRACE::2025-11-24.00:11:08::SCWBDomain::make -C ps7_cortexa9_0/libsrc/qspips_v3_9/src -s include  "SHELL=CMD" "COMPILER=arm-none-eabi-gcc" "ASSEMBLER=arm-none-eabi-as"
TRACE::2025-11-24.00:11:08::SCWBDomain:: "ARCHIVER=arm-none-eabi-ar" "COMPILER_FLAGS=  -O2 -c" "EXTRA_COMPILER_FLAGS=-mcpu=cortex-a9 -mfpu=vfpv3 -mfloat-abi=hard -nost
TRACE::2025-11-24.00:11:08::SCWBDomain::artfiles -g -Wall -Wextra -fno-tree-loop-distribute-patterns"

TRACE::2025-11-24.00:11:08::SCWBDomain::"Running Make include in ps7_cortexa9_0/libsrc/scugic_v4_6/src"

TRACE::2025-11-24.00:11:08::SCWBDomain::make -C ps7_cortexa9_0/libsrc/scugic_v4_6/src -s include  "SHELL=CMD" "COMPILER=arm-none-eabi-gcc" "ASSEMBLER=arm-none-eabi-as"
TRACE::2025-11-24.00:11:08::SCWBDomain:: "ARCHIVER=arm-none-eabi-ar" "COMPILER_FLAGS=  -O2 -c" "EXTRA_COMPILER_FLAGS=-mcpu=cortex-a9 -mfpu=vfpv3 -mfloat-abi=hard -nost
TRACE::2025-11-24.00:11:08::SCWBDomain::artfiles -g -Wall -Wextra -fno-tree-loop-distribute-patterns"

TRACE::2025-11-24.00:11:08::SCWBDomain::"Running Make include in ps7_cortexa9_0/libsrc/scutimer_v2_3/src"

TRACE::2025-11-24.00:11:08::SCWBDomain::make -C ps7_cortexa9_0/libsrc/scutimer_v2_3/src -s include  "SHELL=CMD" "COMPILER=arm-none-eabi-gcc" "ASSEMBLER=arm-none-eabi-a
TRACE::2025-11-24.00:11:08::SCWBDomain::s" "ARCHIVER=arm-none-eabi-ar" "COMPILER_FLAGS=  -O2 -c" "EXTRA_COMPILER_FLAGS=-mcpu=cortex-a9 -mfpu=vfpv3 -mfloat-abi=hard -no
TRACE::2025-11-24.00:11:08::SCWBDomain::startfiles -g -Wall -Wextra -fno-tree-loop-distribute-patterns"

TRACE::2025-11-24.00:11:08::SCWBDomain::"Running Make include in ps7_cortexa9_0/libsrc/scuwdt_v2_4/src"

TRACE::2025-11-24.00:11:08::SCWBDomain::make -C ps7_cortexa9_0/libsrc/scuwdt_v2_4/src -s include  "SHELL=CMD" "COMPILER=arm-none-eabi-gcc" "ASSEMBLER=arm-none-eabi-as"
TRACE::2025-11-24.00:11:08::SCWBDomain:: "ARCHIVER=arm-none-eabi-ar" "COMPILER_FLAGS=  -O2 -c" "EXTRA_COMPILER_FLAGS=-mcpu=cortex-a9 -mfpu=vfpv3 -mfloat-abi=hard -nost
TRACE::2025-11-24.00:11:08::SCWBDomain::artfiles -g -Wall -Wextra -fno-tree-loop-distribute-patterns"

TRACE::2025-11-24.00:11:09::SCWBDomain::"Running Make include in ps7_cortexa9_0/libsrc/sdps_v3_13/src"

TRACE::2025-11-24.00:11:09::SCWBDomain::make -C ps7_cortexa9_0/libsrc/sdps_v3_13/src -s include  "SHELL=CMD" "COMPILER=arm-none-eabi-gcc" "ASSEMBLER=arm-none-eabi-as" 
TRACE::2025-11-24.00:11:09::SCWBDomain::"ARCHIVER=arm-none-eabi-ar" "COMPILER_FLAGS=  -O2 -c" "EXTRA_COMPILER_FLAGS=-mcpu=cortex-a9 -mfpu=vfpv3 -mfloat-abi=hard -nosta
TRACE::2025-11-24.00:11:09::SCWBDomain::rtfiles -g -Wall -Wextra -fno-tree-loop-distribute-patterns"

TRACE::2025-11-24.00:11:09::SCWBDomain::"Running Make include in ps7_cortexa9_0/libsrc/standalone_v7_6/src"

TRACE::2025-11-24.00:11:09::SCWBDomain::make -C ps7_cortexa9_0/libsrc/standalone_v7_6/src -s include  "SHELL=CMD" "COMPILER=arm-none-eabi-gcc" "ASSEMBLER=arm-none-eabi
TRACE::2025-11-24.00:11:09::SCWBDomain::-as" "ARCHIVER=arm-none-eabi-ar" "COMPILER_FLAGS=  -O2 -c" "EXTRA_COMPILER_FLAGS=-mcpu=cortex-a9 -mfpu=vfpv3 -mfloat-abi=hard -
TRACE::2025-11-24.00:11:09::SCWBDomain::nostartfiles -g -Wall -Wextra -fno-tree-loop-distribute-patterns"

TRACE::2025-11-24.00:11:09::SCWBDomain::"Running Make include in ps7_cortexa9_0/libsrc/ttcps_v3_14/src"

TRACE::2025-11-24.00:11:09::SCWBDomain::make -C ps7_cortexa9_0/libsrc/ttcps_v3_14/src -s include  "SHELL=CMD" "COMPILER=arm-none-eabi-gcc" "ASSEMBLER=arm-none-eabi-as"
TRACE::2025-11-24.00:11:09::SCWBDomain:: "ARCHIVER=arm-none-eabi-ar" "COMPILER_FLAGS=  -O2 -c" "EXTRA_COMPILER_FLAGS=-mcpu=cortex-a9 -mfpu=vfpv3 -mfloat-abi=hard -nost
TRACE::2025-11-24.00:11:09::SCWBDomain::artfiles -g -Wall -Wextra -fno-tree-loop-distribute-patterns"

TRACE::2025-11-24.00:11:09::SCWBDomain::"Running Make include in ps7_cortexa9_0/libsrc/uartps_v3_11/src"

TRACE::2025-11-24.00:11:09::SCWBDomain::make -C ps7_cortexa9_0/libsrc/uartps_v3_11/src -s include  "SHELL=CMD" "COMPILER=arm-none-eabi-gcc" "ASSEMBLER=arm-none-eabi-as
TRACE::2025-11-24.00:11:09::SCWBDomain::" "ARCHIVER=arm-none-eabi-ar" "COMPILER_FLAGS=  -O2 -c" "EXTRA_COMPILER_FLAGS=-mcpu=cortex-a9 -mfpu=vfpv3 -mfloat-abi=hard -nos
TRACE::2025-11-24.00:11:09::SCWBDomain::tartfiles -g -Wall -Wextra -fno-tree-loop-distribute-patterns"

TRACE::2025-11-24.00:11:09::SCWBDomain::"Running Make include in ps7_cortexa9_0/libsrc/usbps_v2_7/src"

TRACE::2025-11-24.00:11:09::SCWBDomain::make -C ps7_cortexa9_0/libsrc/usbps_v2_7/src -s include  "SHELL=CMD" "COMPILER=arm-none-eabi-gcc" "ASSEMBLER=arm-none-eabi-as" 
TRACE::2025-11-24.00:11:09::SCWBDomain::"ARCHIVER=arm-none-eabi-ar" "COMPILER_FLAGS=  -O2 -c" "EXTRA_COMPILER_FLAGS=-mcpu=cortex-a9 -mfpu=vfpv3 -mfloat-abi=hard -nosta
TRACE::2025-11-24.00:11:09::SCWBDomain::rtfiles -g -Wall -Wextra -fno-tree-loop-distribute-patterns"

TRACE::2025-11-24.00:11:09::SCWBDomain::"Running Make include in ps7_cortexa9_0/libsrc/xadcps_v2_6/src"

TRACE::2025-11-24.00:11:09::SCWBDomain::make -C ps7_cortexa9_0/libsrc/xadcps_v2_6/src -s include  "SHELL=CMD" "COMPILER=arm-none-eabi-gcc" "ASSEMBLER=arm-none-eabi-as"
TRACE::2025-11-24.00:11:09::SCWBDomain:: "ARCHIVER=arm-none-eabi-ar" "COMPILER_FLAGS=  -O2 -c" "EXTRA_COMPILER_FLAGS=-mcpu=cortex-a9 -mfpu=vfpv3 -mfloat-abi=hard -nost
TRACE::2025-11-24.00:11:09::SCWBDomain::artfiles -g -Wall -Wextra -fno-tree-loop-distribute-patterns"

TRACE::2025-11-24.00:11:09::SCWBDomain::"Running Make include in ps7_cortexa9_0/libsrc/xilffs_v4_6/src"

TRACE::2025-11-24.00:11:09::SCWBDomain::make -C ps7_cortexa9_0/libsrc/xilffs_v4_6/src -s include  "SHELL=CMD" "COMPILER=arm-none-eabi-gcc" "ASSEMBLER=arm-none-eabi-as"
TRACE::2025-11-24.00:11:09::SCWBDomain:: "ARCHIVER=arm-none-eabi-ar" "COMPILER_FLAGS=  -O2 -c" "EXTRA_COMPILER_FLAGS=-mcpu=cortex-a9 -mfpu=vfpv3 -mfloat-abi=hard -nost
TRACE::2025-11-24.00:11:09::SCWBDomain::artfiles -g -Wall -Wextra -fno-tree-loop-distribute-patterns"

TRACE::2025-11-24.00:11:10::SCWBDomain::"Running Make include in ps7_cortexa9_0/libsrc/xilrsa_v1_6/src"

TRACE::2025-11-24.00:11:10::SCWBDomain::make -C ps7_cortexa9_0/libsrc/xilrsa_v1_6/src -s include  "SHELL=CMD" "COMPILER=arm-none-eabi-gcc" "ASSEMBLER=arm-none-eabi-as"
TRACE::2025-11-24.00:11:10::SCWBDomain:: "ARCHIVER=arm-none-eabi-ar" "COMPILER_FLAGS=  -O2 -c" "EXTRA_COMPILER_FLAGS=-mcpu=cortex-a9 -mfpu=vfpv3 -mfloat-abi=hard -nost
TRACE::2025-11-24.00:11:10::SCWBDomain::artfiles -g -Wall -Wextra -fno-tree-loop-distribute-patterns"

TRACE::2025-11-24.00:11:10::SCWBDomain::"Running Make libs in ps7_cortexa9_0/libsrc/xilrsa_v1_6/src"

TRACE::2025-11-24.00:11:10::SCWBDomain::make -C ps7_cortexa9_0/libsrc/xilrsa_v1_6/src -s libs  "SHELL=CMD" "COMPILER=arm-none-eabi-gcc" "ASSEMBLER=arm-none-eabi-as" "A
TRACE::2025-11-24.00:11:10::SCWBDomain::RCHIVER=arm-none-eabi-ar" "COMPILER_FLAGS=  -O2 -c" "EXTRA_COMPILER_FLAGS=-mcpu=cortex-a9 -mfpu=vfpv3 -mfloat-abi=hard -nostart
TRACE::2025-11-24.00:11:10::SCWBDomain::files -g -Wall -Wextra -fno-tree-loop-distribute-patterns"

TRACE::2025-11-24.00:11:10::SCWBDomain::'Finished building libraries sequentially.'

TRACE::2025-11-24.00:11:10::SCWBDomain::make -j 14 --no-print-directory par_libs

TRACE::2025-11-24.00:11:10::SCWBDomain::"Running Make include in ps7_cortexa9_0/libsrc/coresightps_dcc_v1_8/src"

TRACE::2025-11-24.00:11:10::SCWBDomain::make -C ps7_cortexa9_0/libsrc/coresightps_dcc_v1_8/src -s include  "SHELL=CMD" "COMPILER=arm-none-eabi-gcc" "ASSEMBLER=arm-none
TRACE::2025-11-24.00:11:10::SCWBDomain::-eabi-as" "ARCHIVER=arm-none-eabi-ar" "COMPILER_FLAGS=  -O2 -c" "EXTRA_COMPILER_FLAGS=-mcpu=cortex-a9 -mfpu=vfpv3 -mfloat-abi=h
TRACE::2025-11-24.00:11:10::SCWBDomain::ard -nostartfiles -g -Wall -Wextra -fno-tree-loop-distribute-patterns"

TRACE::2025-11-24.00:11:10::SCWBDomain::"Running Make include in ps7_cortexa9_0/libsrc/cpu_cortexa9_v2_11/src"

TRACE::2025-11-24.00:11:10::SCWBDomain::make -C ps7_cortexa9_0/libsrc/cpu_cortexa9_v2_11/src -s include  "SHELL=CMD" "COMPILER=arm-none-eabi-gcc" "ASSEMBLER=arm-none-e
TRACE::2025-11-24.00:11:10::SCWBDomain::abi-as" "ARCHIVER=arm-none-eabi-ar" "COMPILER_FLAGS=  -O2 -c" "EXTRA_COMPILER_FLAGS=-mcpu=cortex-a9 -mfpu=vfpv3 -mfloat-abi=har
TRACE::2025-11-24.00:11:10::SCWBDomain::d -nostartfiles -g -Wall -Wextra -fno-tree-loop-distribute-patterns"

TRACE::2025-11-24.00:11:10::SCWBDomain::"Running Make include in ps7_cortexa9_0/libsrc/ddrps_v1_2/src"

TRACE::2025-11-24.00:11:10::SCWBDomain::make -C ps7_cortexa9_0/libsrc/ddrps_v1_2/src -s include  "SHELL=CMD" "COMPILER=arm-none-eabi-gcc" "ASSEMBLER=arm-none-eabi-as" 
TRACE::2025-11-24.00:11:10::SCWBDomain::"ARCHIVER=arm-none-eabi-ar" "COMPILER_FLAGS=  -O2 -c" "EXTRA_COMPILER_FLAGS=-mcpu=cortex-a9 -mfpu=vfpv3 -mfloat-abi=hard -nosta
TRACE::2025-11-24.00:11:10::SCWBDomain::rtfiles -g -Wall -Wextra -fno-tree-loop-distribute-patterns"

TRACE::2025-11-24.00:11:10::SCWBDomain::"Running Make include in ps7_cortexa9_0/libsrc/devcfg_v3_7/src"

TRACE::2025-11-24.00:11:10::SCWBDomain::make -C ps7_cortexa9_0/libsrc/devcfg_v3_7/src -s include  "SHELL=CMD" "COMPILER=arm-none-eabi-gcc" "ASSEMBLER=arm-none-eabi-as"
TRACE::2025-11-24.00:11:10::SCWBDomain:: "ARCHIVER=arm-none-eabi-ar" "COMPILER_FLAGS=  -O2 -c" "EXTRA_COMPILER_FLAGS=-mcpu=cortex-a9 -mfpu=vfpv3 -mfloat-abi=hard -nost
TRACE::2025-11-24.00:11:10::SCWBDomain::artfiles -g -Wall -Wextra -fno-tree-loop-distribute-patterns"

TRACE::2025-11-24.00:11:10::SCWBDomain::"Running Make include in ps7_cortexa9_0/libsrc/dmaps_v2_8/src"

TRACE::2025-11-24.00:11:10::SCWBDomain::make -C ps7_cortexa9_0/libsrc/dmaps_v2_8/src -s include  "SHELL=CMD" "COMPILER=arm-none-eabi-gcc" "ASSEMBLER=arm-none-eabi-as" 
TRACE::2025-11-24.00:11:10::SCWBDomain::"ARCHIVER=arm-none-eabi-ar" "COMPILER_FLAGS=  -O2 -c" "EXTRA_COMPILER_FLAGS=-mcpu=cortex-a9 -mfpu=vfpv3 -mfloat-abi=hard -nosta
TRACE::2025-11-24.00:11:10::SCWBDomain::rtfiles -g -Wall -Wextra -fno-tree-loop-distribute-patterns"

TRACE::2025-11-24.00:11:10::SCWBDomain::"Running Make include in ps7_cortexa9_0/libsrc/emacps_v3_15/src"

TRACE::2025-11-24.00:11:10::SCWBDomain::make -C ps7_cortexa9_0/libsrc/emacps_v3_15/src -s include  "SHELL=CMD" "COMPILER=arm-none-eabi-gcc" "ASSEMBLER=arm-none-eabi-as
TRACE::2025-11-24.00:11:10::SCWBDomain::" "ARCHIVER=arm-none-eabi-ar" "COMPILER_FLAGS=  -O2 -c" "EXTRA_COMPILER_FLAGS=-mcpu=cortex-a9 -mfpu=vfpv3 -mfloat-abi=hard -nos
TRACE::2025-11-24.00:11:10::SCWBDomain::tartfiles -g -Wall -Wextra -fno-tree-loop-distribute-patterns"

TRACE::2025-11-24.00:11:10::SCWBDomain::"Running Make include in ps7_cortexa9_0/libsrc/gpiops_v3_9/src"

TRACE::2025-11-24.00:11:10::SCWBDomain::make -C ps7_cortexa9_0/libsrc/gpiops_v3_9/src -s include  "SHELL=CMD" "COMPILER=arm-none-eabi-gcc" "ASSEMBLER=arm-none-eabi-as"
TRACE::2025-11-24.00:11:10::SCWBDomain:: "ARCHIVER=arm-none-eabi-ar" "COMPILER_FLAGS=  -O2 -c" "EXTRA_COMPILER_FLAGS=-mcpu=cortex-a9 -mfpu=vfpv3 -mfloat-abi=hard -nost
TRACE::2025-11-24.00:11:10::SCWBDomain::artfiles -g -Wall -Wextra -fno-tree-loop-distribute-patterns"

TRACE::2025-11-24.00:11:10::SCWBDomain::"Running Make include in ps7_cortexa9_0/libsrc/gpio_v4_8/src"

TRACE::2025-11-24.00:11:10::SCWBDomain::make -C ps7_cortexa9_0/libsrc/gpio_v4_8/src -s include  "SHELL=CMD" "COMPILER=arm-none-eabi-gcc" "ASSEMBLER=arm-none-eabi-as" "
TRACE::2025-11-24.00:11:10::SCWBDomain::ARCHIVER=arm-none-eabi-ar" "COMPILER_FLAGS=  -O2 -c" "EXTRA_COMPILER_FLAGS=-mcpu=cortex-a9 -mfpu=vfpv3 -mfloat-abi=hard -nostar
TRACE::2025-11-24.00:11:10::SCWBDomain::tfiles -g -Wall -Wextra -fno-tree-loop-distribute-patterns"

TRACE::2025-11-24.00:11:10::SCWBDomain::"Running Make include in ps7_cortexa9_0/libsrc/qspips_v3_9/src"

TRACE::2025-11-24.00:11:10::SCWBDomain::make -C ps7_cortexa9_0/libsrc/qspips_v3_9/src -s include  "SHELL=CMD" "COMPILER=arm-none-eabi-gcc" "ASSEMBLER=arm-none-eabi-as"
TRACE::2025-11-24.00:11:10::SCWBDomain:: "ARCHIVER=arm-none-eabi-ar" "COMPILER_FLAGS=  -O2 -c" "EXTRA_COMPILER_FLAGS=-mcpu=cortex-a9 -mfpu=vfpv3 -mfloat-abi=hard -nost
TRACE::2025-11-24.00:11:10::SCWBDomain::artfiles -g -Wall -Wextra -fno-tree-loop-distribute-patterns"

TRACE::2025-11-24.00:11:10::SCWBDomain::"Running Make include in ps7_cortexa9_0/libsrc/scugic_v4_6/src"

TRACE::2025-11-24.00:11:10::SCWBDomain::make -C ps7_cortexa9_0/libsrc/scugic_v4_6/src -s include  "SHELL=CMD" "COMPILER=arm-none-eabi-gcc" "ASSEMBLER=arm-none-eabi-as"
TRACE::2025-11-24.00:11:10::SCWBDomain:: "ARCHIVER=arm-none-eabi-ar" "COMPILER_FLAGS=  -O2 -c" "EXTRA_COMPILER_FLAGS=-mcpu=cortex-a9 -mfpu=vfpv3 -mfloat-abi=hard -nost
TRACE::2025-11-24.00:11:10::SCWBDomain::artfiles -g -Wall -Wextra -fno-tree-loop-distribute-patterns"

TRACE::2025-11-24.00:11:10::SCWBDomain::"Running Make include in ps7_cortexa9_0/libsrc/scutimer_v2_3/src"

TRACE::2025-11-24.00:11:10::SCWBDomain::make -C ps7_cortexa9_0/libsrc/scutimer_v2_3/src -s include  "SHELL=CMD" "COMPILER=arm-none-eabi-gcc" "ASSEMBLER=arm-none-eabi-a
TRACE::2025-11-24.00:11:10::SCWBDomain::s" "ARCHIVER=arm-none-eabi-ar" "COMPILER_FLAGS=  -O2 -c" "EXTRA_COMPILER_FLAGS=-mcpu=cortex-a9 -mfpu=vfpv3 -mfloat-abi=hard -no
TRACE::2025-11-24.00:11:10::SCWBDomain::startfiles -g -Wall -Wextra -fno-tree-loop-distribute-patterns"

TRACE::2025-11-24.00:11:10::SCWBDomain::"Running Make include in ps7_cortexa9_0/libsrc/scuwdt_v2_4/src"

TRACE::2025-11-24.00:11:10::SCWBDomain::make -C ps7_cortexa9_0/libsrc/scuwdt_v2_4/src -s include  "SHELL=CMD" "COMPILER=arm-none-eabi-gcc" "ASSEMBLER=arm-none-eabi-as"
TRACE::2025-11-24.00:11:10::SCWBDomain:: "ARCHIVER=arm-none-eabi-ar" "COMPILER_FLAGS=  -O2 -c" "EXTRA_COMPILER_FLAGS=-mcpu=cortex-a9 -mfpu=vfpv3 -mfloat-abi=hard -nost
TRACE::2025-11-24.00:11:10::SCWBDomain::artfiles -g -Wall -Wextra -fno-tree-loop-distribute-patterns"

TRACE::2025-11-24.00:11:10::SCWBDomain::"Running Make include in ps7_cortexa9_0/libsrc/sdps_v3_13/src"

TRACE::2025-11-24.00:11:10::SCWBDomain::make -C ps7_cortexa9_0/libsrc/sdps_v3_13/src -s include  "SHELL=CMD" "COMPILER=arm-none-eabi-gcc" "ASSEMBLER=arm-none-eabi-as" 
TRACE::2025-11-24.00:11:10::SCWBDomain::"ARCHIVER=arm-none-eabi-ar" "COMPILER_FLAGS=  -O2 -c" "EXTRA_COMPILER_FLAGS=-mcpu=cortex-a9 -mfpu=vfpv3 -mfloat-abi=hard -nosta
TRACE::2025-11-24.00:11:10::SCWBDomain::rtfiles -g -Wall -Wextra -fno-tree-loop-distribute-patterns"

TRACE::2025-11-24.00:11:10::SCWBDomain::"Running Make include in ps7_cortexa9_0/libsrc/standalone_v7_6/src"

TRACE::2025-11-24.00:11:10::SCWBDomain::make -C ps7_cortexa9_0/libsrc/standalone_v7_6/src -s include  "SHELL=CMD" "COMPILER=arm-none-eabi-gcc" "ASSEMBLER=arm-none-eabi
TRACE::2025-11-24.00:11:10::SCWBDomain::-as" "ARCHIVER=arm-none-eabi-ar" "COMPILER_FLAGS=  -O2 -c" "EXTRA_COMPILER_FLAGS=-mcpu=cortex-a9 -mfpu=vfpv3 -mfloat-abi=hard -
TRACE::2025-11-24.00:11:10::SCWBDomain::nostartfiles -g -Wall -Wextra -fno-tree-loop-distribute-patterns"

TRACE::2025-11-24.00:11:10::SCWBDomain::"Running Make include in ps7_cortexa9_0/libsrc/ttcps_v3_14/src"

TRACE::2025-11-24.00:11:10::SCWBDomain::make -C ps7_cortexa9_0/libsrc/ttcps_v3_14/src -s include  "SHELL=CMD" "COMPILER=arm-none-eabi-gcc" "ASSEMBLER=arm-none-eabi-as"
TRACE::2025-11-24.00:11:10::SCWBDomain:: "ARCHIVER=arm-none-eabi-ar" "COMPILER_FLAGS=  -O2 -c" "EXTRA_COMPILER_FLAGS=-mcpu=cortex-a9 -mfpu=vfpv3 -mfloat-abi=hard -nost
TRACE::2025-11-24.00:11:10::SCWBDomain::artfiles -g -Wall -Wextra -fno-tree-loop-distribute-patterns"

TRACE::2025-11-24.00:11:10::SCWBDomain::"Running Make include in ps7_cortexa9_0/libsrc/uartps_v3_11/src"

TRACE::2025-11-24.00:11:10::SCWBDomain::make -C ps7_cortexa9_0/libsrc/uartps_v3_11/src -s include  "SHELL=CMD" "COMPILER=arm-none-eabi-gcc" "ASSEMBLER=arm-none-eabi-as
TRACE::2025-11-24.00:11:10::SCWBDomain::" "ARCHIVER=arm-none-eabi-ar" "COMPILER_FLAGS=  -O2 -c" "EXTRA_COMPILER_FLAGS=-mcpu=cortex-a9 -mfpu=vfpv3 -mfloat-abi=hard -nos
TRACE::2025-11-24.00:11:10::SCWBDomain::tartfiles -g -Wall -Wextra -fno-tree-loop-distribute-patterns"

TRACE::2025-11-24.00:11:10::SCWBDomain::"Running Make include in ps7_cortexa9_0/libsrc/usbps_v2_7/src"

TRACE::2025-11-24.00:11:10::SCWBDomain::make -C ps7_cortexa9_0/libsrc/usbps_v2_7/src -s include  "SHELL=CMD" "COMPILER=arm-none-eabi-gcc" "ASSEMBLER=arm-none-eabi-as" 
TRACE::2025-11-24.00:11:10::SCWBDomain::"ARCHIVER=arm-none-eabi-ar" "COMPILER_FLAGS=  -O2 -c" "EXTRA_COMPILER_FLAGS=-mcpu=cortex-a9 -mfpu=vfpv3 -mfloat-abi=hard -nosta
TRACE::2025-11-24.00:11:10::SCWBDomain::rtfiles -g -Wall -Wextra -fno-tree-loop-distribute-patterns"

TRACE::2025-11-24.00:11:10::SCWBDomain::"Running Make include in ps7_cortexa9_0/libsrc/xadcps_v2_6/src"

TRACE::2025-11-24.00:11:10::SCWBDomain::make -C ps7_cortexa9_0/libsrc/xadcps_v2_6/src -s include  "SHELL=CMD" "COMPILER=arm-none-eabi-gcc" "ASSEMBLER=arm-none-eabi-as"
TRACE::2025-11-24.00:11:10::SCWBDomain:: "ARCHIVER=arm-none-eabi-ar" "COMPILER_FLAGS=  -O2 -c" "EXTRA_COMPILER_FLAGS=-mcpu=cortex-a9 -mfpu=vfpv3 -mfloat-abi=hard -nost
TRACE::2025-11-24.00:11:10::SCWBDomain::artfiles -g -Wall -Wextra -fno-tree-loop-distribute-patterns"

TRACE::2025-11-24.00:11:10::SCWBDomain::"Running Make include in ps7_cortexa9_0/libsrc/xilffs_v4_6/src"

TRACE::2025-11-24.00:11:10::SCWBDomain::make -C ps7_cortexa9_0/libsrc/xilffs_v4_6/src -s include  "SHELL=CMD" "COMPILER=arm-none-eabi-gcc" "ASSEMBLER=arm-none-eabi-as"
TRACE::2025-11-24.00:11:10::SCWBDomain:: "ARCHIVER=arm-none-eabi-ar" "COMPILER_FLAGS=  -O2 -c" "EXTRA_COMPILER_FLAGS=-mcpu=cortex-a9 -mfpu=vfpv3 -mfloat-abi=hard -nost
TRACE::2025-11-24.00:11:10::SCWBDomain::artfiles -g -Wall -Wextra -fno-tree-loop-distribute-patterns"

TRACE::2025-11-24.00:11:10::SCWBDomain::"Running Make include in ps7_cortexa9_0/libsrc/xilrsa_v1_6/src"

TRACE::2025-11-24.00:11:10::SCWBDomain::make -C ps7_cortexa9_0/libsrc/xilrsa_v1_6/src -s include  "SHELL=CMD" "COMPILER=arm-none-eabi-gcc" "ASSEMBLER=arm-none-eabi-as"
TRACE::2025-11-24.00:11:10::SCWBDomain:: "ARCHIVER=arm-none-eabi-ar" "COMPILER_FLAGS=  -O2 -c" "EXTRA_COMPILER_FLAGS=-mcpu=cortex-a9 -mfpu=vfpv3 -mfloat-abi=hard -nost
TRACE::2025-11-24.00:11:10::SCWBDomain::artfiles -g -Wall -Wextra -fno-tree-loop-distribute-patterns"

TRACE::2025-11-24.00:11:10::SCWBDomain::"Running Make libs in ps7_cortexa9_0/libsrc/coresightps_dcc_v1_8/src"

TRACE::2025-11-24.00:11:10::SCWBDomain::make -C ps7_cortexa9_0/libsrc/coresightps_dcc_v1_8/src -s libs  "SHELL=CMD" "COMPILER=arm-none-eabi-gcc" "ASSEMBLER=arm-none-ea
TRACE::2025-11-24.00:11:10::SCWBDomain::bi-as" "ARCHIVER=arm-none-eabi-ar" "COMPILER_FLAGS=  -O2 -c" "EXTRA_COMPILER_FLAGS=-mcpu=cortex-a9 -mfpu=vfpv3 -mfloat-abi=hard
TRACE::2025-11-24.00:11:10::SCWBDomain:: -nostartfiles -g -Wall -Wextra -fno-tree-loop-distribute-patterns"

TRACE::2025-11-24.00:11:10::SCWBDomain::"Running Make libs in ps7_cortexa9_0/libsrc/cpu_cortexa9_v2_11/src"

TRACE::2025-11-24.00:11:10::SCWBDomain::make -C ps7_cortexa9_0/libsrc/cpu_cortexa9_v2_11/src -s libs  "SHELL=CMD" "COMPILER=arm-none-eabi-gcc" "ASSEMBLER=arm-none-eabi
TRACE::2025-11-24.00:11:10::SCWBDomain::-as" "ARCHIVER=arm-none-eabi-ar" "COMPILER_FLAGS=  -O2 -c" "EXTRA_COMPILER_FLAGS=-mcpu=cortex-a9 -mfpu=vfpv3 -mfloat-abi=hard -
TRACE::2025-11-24.00:11:10::SCWBDomain::nostartfiles -g -Wall -Wextra -fno-tree-loop-distribute-patterns"

TRACE::2025-11-24.00:11:10::SCWBDomain::"Running Make libs in ps7_cortexa9_0/libsrc/ddrps_v1_2/src"

TRACE::2025-11-24.00:11:10::SCWBDomain::make -C ps7_cortexa9_0/libsrc/ddrps_v1_2/src -s libs  "SHELL=CMD" "COMPILER=arm-none-eabi-gcc" "ASSEMBLER=arm-none-eabi-as" "AR
TRACE::2025-11-24.00:11:10::SCWBDomain::CHIVER=arm-none-eabi-ar" "COMPILER_FLAGS=  -O2 -c" "EXTRA_COMPILER_FLAGS=-mcpu=cortex-a9 -mfpu=vfpv3 -mfloat-abi=hard -nostartf
TRACE::2025-11-24.00:11:10::SCWBDomain::iles -g -Wall -Wextra -fno-tree-loop-distribute-patterns"

TRACE::2025-11-24.00:11:10::SCWBDomain::"Running Make libs in ps7_cortexa9_0/libsrc/devcfg_v3_7/src"

TRACE::2025-11-24.00:11:10::SCWBDomain::make -C ps7_cortexa9_0/libsrc/devcfg_v3_7/src -s libs  "SHELL=CMD" "COMPILER=arm-none-eabi-gcc" "ASSEMBLER=arm-none-eabi-as" "A
TRACE::2025-11-24.00:11:10::SCWBDomain::RCHIVER=arm-none-eabi-ar" "COMPILER_FLAGS=  -O2 -c" "EXTRA_COMPILER_FLAGS=-mcpu=cortex-a9 -mfpu=vfpv3 -mfloat-abi=hard -nostart
TRACE::2025-11-24.00:11:10::SCWBDomain::files -g -Wall -Wextra -fno-tree-loop-distribute-patterns"

TRACE::2025-11-24.00:11:10::SCWBDomain::"Running Make libs in ps7_cortexa9_0/libsrc/dmaps_v2_8/src"

TRACE::2025-11-24.00:11:10::SCWBDomain::make -C ps7_cortexa9_0/libsrc/dmaps_v2_8/src -s libs  "SHELL=CMD" "COMPILER=arm-none-eabi-gcc" "ASSEMBLER=arm-none-eabi-as" "AR
TRACE::2025-11-24.00:11:10::SCWBDomain::CHIVER=arm-none-eabi-ar" "COMPILER_FLAGS=  -O2 -c" "EXTRA_COMPILER_FLAGS=-mcpu=cortex-a9 -mfpu=vfpv3 -mfloat-abi=hard -nostartf
TRACE::2025-11-24.00:11:10::SCWBDomain::iles -g -Wall -Wextra -fno-tree-loop-distribute-patterns"

TRACE::2025-11-24.00:11:10::SCWBDomain::"Running Make libs in ps7_cortexa9_0/libsrc/emacps_v3_15/src"

TRACE::2025-11-24.00:11:10::SCWBDomain::make -C ps7_cortexa9_0/libsrc/emacps_v3_15/src -s libs  "SHELL=CMD" "COMPILER=arm-none-eabi-gcc" "ASSEMBLER=arm-none-eabi-as" "
TRACE::2025-11-24.00:11:10::SCWBDomain::ARCHIVER=arm-none-eabi-ar" "COMPILER_FLAGS=  -O2 -c" "EXTRA_COMPILER_FLAGS=-mcpu=cortex-a9 -mfpu=vfpv3 -mfloat-abi=hard -nostar
TRACE::2025-11-24.00:11:10::SCWBDomain::tfiles -g -Wall -Wextra -fno-tree-loop-distribute-patterns"

TRACE::2025-11-24.00:11:10::SCWBDomain::"Running Make libs in ps7_cortexa9_0/libsrc/gpiops_v3_9/src"

TRACE::2025-11-24.00:11:10::SCWBDomain::make -C ps7_cortexa9_0/libsrc/gpiops_v3_9/src -s libs  "SHELL=CMD" "COMPILER=arm-none-eabi-gcc" "ASSEMBLER=arm-none-eabi-as" "A
TRACE::2025-11-24.00:11:10::SCWBDomain::RCHIVER=arm-none-eabi-ar" "COMPILER_FLAGS=  -O2 -c" "EXTRA_COMPILER_FLAGS=-mcpu=cortex-a9 -mfpu=vfpv3 -mfloat-abi=hard -nostart
TRACE::2025-11-24.00:11:10::SCWBDomain::files -g -Wall -Wextra -fno-tree-loop-distribute-patterns"

TRACE::2025-11-24.00:11:11::SCWBDomain::"Running Make libs in ps7_cortexa9_0/libsrc/gpio_v4_8/src"

TRACE::2025-11-24.00:11:11::SCWBDomain::make -C ps7_cortexa9_0/libsrc/gpio_v4_8/src -s libs  "SHELL=CMD" "COMPILER=arm-none-eabi-gcc" "ASSEMBLER=arm-none-eabi-as" "ARC
TRACE::2025-11-24.00:11:11::SCWBDomain::HIVER=arm-none-eabi-ar" "COMPILER_FLAGS=  -O2 -c" "EXTRA_COMPILER_FLAGS=-mcpu=cortex-a9 -mfpu=vfpv3 -mfloat-abi=hard -nostartfi
TRACE::2025-11-24.00:11:11::SCWBDomain::les -g -Wall -Wextra -fno-tree-loop-distribute-patterns"

TRACE::2025-11-24.00:11:11::SCWBDomain::"Running Make libs in ps7_cortexa9_0/libsrc/qspips_v3_9/src"

TRACE::2025-11-24.00:11:11::SCWBDomain::make -C ps7_cortexa9_0/libsrc/qspips_v3_9/src -s libs  "SHELL=CMD" "COMPILER=arm-none-eabi-gcc" "ASSEMBLER=arm-none-eabi-as" "A
TRACE::2025-11-24.00:11:11::SCWBDomain::RCHIVER=arm-none-eabi-ar" "COMPILER_FLAGS=  -O2 -c" "EXTRA_COMPILER_FLAGS=-mcpu=cortex-a9 -mfpu=vfpv3 -mfloat-abi=hard -nostart
TRACE::2025-11-24.00:11:11::SCWBDomain::files -g -Wall -Wextra -fno-tree-loop-distribute-patterns"

TRACE::2025-11-24.00:11:11::SCWBDomain::"Running Make libs in ps7_cortexa9_0/libsrc/scugic_v4_6/src"

TRACE::2025-11-24.00:11:11::SCWBDomain::make -C ps7_cortexa9_0/libsrc/scugic_v4_6/src -s libs  "SHELL=CMD" "COMPILER=arm-none-eabi-gcc" "ASSEMBLER=arm-none-eabi-as" "A
TRACE::2025-11-24.00:11:11::SCWBDomain::RCHIVER=arm-none-eabi-ar" "COMPILER_FLAGS=  -O2 -c" "EXTRA_COMPILER_FLAGS=-mcpu=cortex-a9 -mfpu=vfpv3 -mfloat-abi=hard -nostart
TRACE::2025-11-24.00:11:11::SCWBDomain::files -g -Wall -Wextra -fno-tree-loop-distribute-patterns"

TRACE::2025-11-24.00:11:11::SCWBDomain::"Running Make libs in ps7_cortexa9_0/libsrc/scutimer_v2_3/src"

TRACE::2025-11-24.00:11:11::SCWBDomain::make -C ps7_cortexa9_0/libsrc/scutimer_v2_3/src -s libs  "SHELL=CMD" "COMPILER=arm-none-eabi-gcc" "ASSEMBLER=arm-none-eabi-as" 
TRACE::2025-11-24.00:11:11::SCWBDomain::"ARCHIVER=arm-none-eabi-ar" "COMPILER_FLAGS=  -O2 -c" "EXTRA_COMPILER_FLAGS=-mcpu=cortex-a9 -mfpu=vfpv3 -mfloat-abi=hard -nosta
TRACE::2025-11-24.00:11:11::SCWBDomain::rtfiles -g -Wall -Wextra -fno-tree-loop-distribute-patterns"

TRACE::2025-11-24.00:11:11::SCWBDomain::"Running Make libs in ps7_cortexa9_0/libsrc/scuwdt_v2_4/src"

TRACE::2025-11-24.00:11:11::SCWBDomain::make -C ps7_cortexa9_0/libsrc/scuwdt_v2_4/src -s libs  "SHELL=CMD" "COMPILER=arm-none-eabi-gcc" "ASSEMBLER=arm-none-eabi-as" "A
TRACE::2025-11-24.00:11:11::SCWBDomain::RCHIVER=arm-none-eabi-ar" "COMPILER_FLAGS=  -O2 -c" "EXTRA_COMPILER_FLAGS=-mcpu=cortex-a9 -mfpu=vfpv3 -mfloat-abi=hard -nostart
TRACE::2025-11-24.00:11:11::SCWBDomain::files -g -Wall -Wextra -fno-tree-loop-distribute-patterns"

TRACE::2025-11-24.00:11:11::SCWBDomain::"Running Make libs in ps7_cortexa9_0/libsrc/sdps_v3_13/src"

TRACE::2025-11-24.00:11:11::SCWBDomain::make -C ps7_cortexa9_0/libsrc/sdps_v3_13/src -s libs  "SHELL=CMD" "COMPILER=arm-none-eabi-gcc" "ASSEMBLER=arm-none-eabi-as" "AR
TRACE::2025-11-24.00:11:11::SCWBDomain::CHIVER=arm-none-eabi-ar" "COMPILER_FLAGS=  -O2 -c" "EXTRA_COMPILER_FLAGS=-mcpu=cortex-a9 -mfpu=vfpv3 -mfloat-abi=hard -nostartf
TRACE::2025-11-24.00:11:11::SCWBDomain::iles -g -Wall -Wextra -fno-tree-loop-distribute-patterns"

TRACE::2025-11-24.00:11:11::SCWBDomain::"Running Make libs in ps7_cortexa9_0/libsrc/standalone_v7_6/src"

TRACE::2025-11-24.00:11:11::SCWBDomain::make -C ps7_cortexa9_0/libsrc/standalone_v7_6/src -s libs  "SHELL=CMD" "COMPILER=arm-none-eabi-gcc" "ASSEMBLER=arm-none-eabi-as
TRACE::2025-11-24.00:11:11::SCWBDomain::" "ARCHIVER=arm-none-eabi-ar" "COMPILER_FLAGS=  -O2 -c" "EXTRA_COMPILER_FLAGS=-mcpu=cortex-a9 -mfpu=vfpv3 -mfloat-abi=hard -nos
TRACE::2025-11-24.00:11:11::SCWBDomain::tartfiles -g -Wall -Wextra -fno-tree-loop-distribute-patterns"

TRACE::2025-11-24.00:11:11::SCWBDomain::"Running Make libs in ps7_cortexa9_0/libsrc/ttcps_v3_14/src"

TRACE::2025-11-24.00:11:12::SCWBDomain::"Running Make libs in ps7_cortexa9_0/libsrc/uartps_v3_11/src"

TRACE::2025-11-24.00:11:12::SCWBDomain::make -C ps7_cortexa9_0/libsrc/ttcps_v3_14/src -s libs  "SHELL=CMD" "COMPILER=arm-none-eabi-gcc" "ASSEMBLER=arm-none-eabi-as" "A
TRACE::2025-11-24.00:11:12::SCWBDomain::RCHIVER=arm-none-eabi-ar" "COMPILER_FLAGS=  -O2 -c" "EXTRA_COMPILER_FLAGS=-mcpu=cortex-a9 -mfpu=vfpv3 -mfloat-abi=hard -nostart
TRACE::2025-11-24.00:11:12::SCWBDomain::files -g -Wall -Wextra -fno-tree-loop-distribute-patterns"

TRACE::2025-11-24.00:11:12::SCWBDomain::make -C ps7_cortexa9_0/libsrc/uartps_v3_11/src -s libs  "SHELL=CMD" "COMPILER=arm-none-eabi-gcc" "ASSEMBLER=arm-none-eabi-as" "
TRACE::2025-11-24.00:11:12::SCWBDomain::ARCHIVER=arm-none-eabi-ar" "COMPILER_FLAGS=  -O2 -c" "EXTRA_COMPILER_FLAGS=-mcpu=cortex-a9 -mfpu=vfpv3 -mfloat-abi=hard -nostar
TRACE::2025-11-24.00:11:12::SCWBDomain::tfiles -g -Wall -Wextra -fno-tree-loop-distribute-patterns"

TRACE::2025-11-24.00:11:12::SCWBDomain::"Running Make libs in ps7_cortexa9_0/libsrc/usbps_v2_7/src"

TRACE::2025-11-24.00:11:12::SCWBDomain::make -C ps7_cortexa9_0/libsrc/usbps_v2_7/src -s libs  "SHELL=CMD" "COMPILER=arm-none-eabi-gcc" "ASSEMBLER=arm-none-eabi-as" "AR
TRACE::2025-11-24.00:11:12::SCWBDomain::CHIVER=arm-none-eabi-ar" "COMPILER_FLAGS=  -O2 -c" "EXTRA_COMPILER_FLAGS=-mcpu=cortex-a9 -mfpu=vfpv3 -mfloat-abi=hard -nostartf
TRACE::2025-11-24.00:11:12::SCWBDomain::iles -g -Wall -Wextra -fno-tree-loop-distribute-patterns"

TRACE::2025-11-24.00:11:12::SCWBDomain::"Running Make libs in ps7_cortexa9_0/libsrc/xadcps_v2_6/src"

TRACE::2025-11-24.00:11:12::SCWBDomain::make -C ps7_cortexa9_0/libsrc/xadcps_v2_6/src -s libs  "SHELL=CMD" "COMPILER=arm-none-eabi-gcc" "ASSEMBLER=arm-none-eabi-as" "A
TRACE::2025-11-24.00:11:12::SCWBDomain::RCHIVER=arm-none-eabi-ar" "COMPILER_FLAGS=  -O2 -c" "EXTRA_COMPILER_FLAGS=-mcpu=cortex-a9 -mfpu=vfpv3 -mfloat-abi=hard -nostart
TRACE::2025-11-24.00:11:12::SCWBDomain::files -g -Wall -Wextra -fno-tree-loop-distribute-patterns"

TRACE::2025-11-24.00:11:12::SCWBDomain::"Running Make libs in ps7_cortexa9_0/libsrc/xilffs_v4_6/src"

TRACE::2025-11-24.00:11:12::SCWBDomain::make -C ps7_cortexa9_0/libsrc/xilffs_v4_6/src -s libs  "SHELL=CMD" "COMPILER=arm-none-eabi-gcc" "ASSEMBLER=arm-none-eabi-as" "A
TRACE::2025-11-24.00:11:12::SCWBDomain::RCHIVER=arm-none-eabi-ar" "COMPILER_FLAGS=  -O2 -c" "EXTRA_COMPILER_FLAGS=-mcpu=cortex-a9 -mfpu=vfpv3 -mfloat-abi=hard -nostart
TRACE::2025-11-24.00:11:12::SCWBDomain::files -g -Wall -Wextra -fno-tree-loop-distribute-patterns"

TRACE::2025-11-24.00:11:13::SCWBDomain::'Finished building libraries parallelly.'

TRACE::2025-11-24.00:11:13::SCWBDomain::make --no-print-directory archive

TRACE::2025-11-24.00:11:13::SCWBDomain::arm-none-eabi-ar -r  ps7_cortexa9_0/lib/libxil.a ps7_cortexa9_0/lib/xil_testcache.o ps7_cortexa9_0/lib/xadcps_selftest.o ps7_co
TRACE::2025-11-24.00:11:13::SCWBDomain::rtexa9_0/lib/xplatform_info.o ps7_cortexa9_0/lib/xil_mmu.o ps7_cortexa9_0/lib/_exit.o ps7_cortexa9_0/lib/xusbps_endpoint.o ps7_
TRACE::2025-11-24.00:11:13::SCWBDomain::cortexa9_0/lib/xusbps_sinit.o ps7_cortexa9_0/lib/xdevcfg_hw.o ps7_cortexa9_0/lib/xil_sleeptimer.o ps7_cortexa9_0/lib/xgpio_sini
TRACE::2025-11-24.00:11:13::SCWBDomain::t.o ps7_cortexa9_0/lib/xqspips_options.o ps7_cortexa9_0/lib/xdmaps_g.o ps7_cortexa9_0/lib/xscutimer_g.o ps7_cortexa9_0/lib/xsdp
TRACE::2025-11-24.00:11:13::SCWBDomain::s_options.o ps7_cortexa9_0/lib/xil_misc_psreset_api.o ps7_cortexa9_0/lib/xdmaps_sinit.o ps7_cortexa9_0/lib/xscutimer_sinit.o ps
TRACE::2025-11-24.00:11:13::SCWBDomain::7_cortexa9_0/lib/xemacps_hw.o ps7_cortexa9_0/lib/inbyte.o ps7_cortexa9_0/lib/xttcps_sinit.o ps7_cortexa9_0/lib/xscutimer_selfte
TRACE::2025-11-24.00:11:13::SCWBDomain::st.o ps7_cortexa9_0/lib/putnum.o ps7_cortexa9_0/lib/xttcps_selftest.o ps7_cortexa9_0/lib/xqspips_hw.o ps7_cortexa9_0/lib/xgpiop
TRACE::2025-11-24.00:11:13::SCWBDomain::s_g.o ps7_cortexa9_0/lib/xsdps.o ps7_cortexa9_0/lib/close.o ps7_cortexa9_0/lib/xemacps_g.o ps7_cortexa9_0/lib/xgpiops_sinit.o p
TRACE::2025-11-24.00:11:13::SCWBDomain::s7_cortexa9_0/lib/xgpiops_selftest.o ps7_cortexa9_0/lib/xgpio_g.o ps7_cortexa9_0/lib/xscuwdt.o ps7_cortexa9_0/lib/xil_clocking.
TRACE::2025-11-24.00:11:13::SCWBDomain::o ps7_cortexa9_0/lib/xil_mem.o ps7_cortexa9_0/lib/xil_printf.o ps7_cortexa9_0/lib/kill.o ps7_cortexa9_0/lib/xadcps.o ps7_cortex
TRACE::2025-11-24.00:11:13::SCWBDomain::a9_0/lib/xuartps_sinit.o ps7_cortexa9_0/lib/xuartps_g.o ps7_cortexa9_0/lib/outbyte.o ps7_cortexa9_0/lib/lseek.o ps7_cortexa9_0/
TRACE::2025-11-24.00:11:13::SCWBDomain::lib/xgpiops.o ps7_cortexa9_0/lib/xl2cc_counter.o ps7_cortexa9_0/lib/asm_vectors.o ps7_cortexa9_0/lib/abort.o ps7_cortexa9_0/lib
TRACE::2025-11-24.00:11:13::SCWBDomain::/xscugic_intr.o ps7_cortexa9_0/lib/getpid.o ps7_cortexa9_0/lib/xttcps_g.o ps7_cortexa9_0/lib/xdevcfg_sinit.o ps7_cortexa9_0/lib
TRACE::2025-11-24.00:11:13::SCWBDomain::/xdmaps.o ps7_cortexa9_0/lib/xscutimer.o ps7_cortexa9_0/lib/xdevcfg_selftest.o ps7_cortexa9_0/lib/xttcps.o ps7_cortexa9_0/lib/x
TRACE::2025-11-24.00:11:13::SCWBDomain::pm_counter.o ps7_cortexa9_0/lib/_sbrk.o ps7_cortexa9_0/lib/xemacps_sinit.o ps7_cortexa9_0/lib/time.o ps7_cortexa9_0/lib/xqspips
TRACE::2025-11-24.00:11:13::SCWBDomain::_g.o ps7_cortexa9_0/lib/xdmaps_selftest.o ps7_cortexa9_0/lib/xusbps_g.o ps7_cortexa9_0/lib/xsdps_sinit.o ps7_cortexa9_0/lib/xua
TRACE::2025-11-24.00:11:13::SCWBDomain::rtps_selftest.o ps7_cortexa9_0/lib/xqspips_selftest.o ps7_cortexa9_0/lib/xil_exception.o ps7_cortexa9_0/lib/xgpio.o ps7_cortexa
TRACE::2025-11-24.00:11:13::SCWBDomain::9_0/lib/xil_testmem.o ps7_cortexa9_0/lib/xemacps_control.o ps7_cortexa9_0/lib/open.o ps7_cortexa9_0/lib/xil_assert.o ps7_cortex
TRACE::2025-11-24.00:11:13::SCWBDomain::a9_0/lib/xusbps_intr.o ps7_cortexa9_0/lib/xsdps_host.o ps7_cortexa9_0/lib/xcoresightpsdcc.o ps7_cortexa9_0/lib/xscugic_hw.o ps7
TRACE::2025-11-24.00:11:13::SCWBDomain::_cortexa9_0/lib/xuartps.o ps7_cortexa9_0/lib/sleep.o ps7_cortexa9_0/lib/cpputest_time.o ps7_cortexa9_0/lib/_open.o ps7_cortexa9
TRACE::2025-11-24.00:11:13::SCWBDomain::_0/lib/fcntl.o ps7_cortexa9_0/lib/xttcps_options.o ps7_cortexa9_0/lib/print.o ps7_cortexa9_0/lib/read.o ps7_cortexa9_0/lib/xdev
TRACE::2025-11-24.00:11:13::SCWBDomain::cfg.o ps7_cortexa9_0/lib/xadcps_intr.o ps7_cortexa9_0/lib/xqspips.o ps7_cortexa9_0/lib/xemacps.o ps7_cortexa9_0/lib/xil_cache.o
TRACE::2025-11-24.00:11:13::SCWBDomain:: ps7_cortexa9_0/lib/xil_testio.o ps7_cortexa9_0/lib/unlink.o ps7_cortexa9_0/lib/xusbps.o ps7_cortexa9_0/lib/xil_spinlock.o ps7_
TRACE::2025-11-24.00:11:13::SCWBDomain::cortexa9_0/lib/translation_table.o ps7_cortexa9_0/lib/xusbps_hw.o ps7_cortexa9_0/lib/write.o ps7_cortexa9_0/lib/boot.o ps7_cort
TRACE::2025-11-24.00:11:13::SCWBDomain::exa9_0/lib/xemacps_bdring.o ps7_cortexa9_0/lib/cpu_init.o ps7_cortexa9_0/lib/usleep.o ps7_cortexa9_0/lib/xil_sleepcommon.o ps7_
TRACE::2025-11-24.00:11:13::SCWBDomain::cortexa9_0/lib/xscugic_g.o ps7_cortexa9_0/lib/xgpiops_intr.o ps7_cortexa9_0/lib/xscugic_sinit.o ps7_cortexa9_0/lib/xdevcfg_g.o 
TRACE::2025-11-24.00:11:13::SCWBDomain::ps7_cortexa9_0/lib/xscugic_selftest.o ps7_cortexa9_0/lib/xgpio_intr.o ps7_cortexa9_0/lib/xtime_l.o ps7_cortexa9_0/lib/xil_util.
TRACE::2025-11-24.00:11:13::SCWBDomain::o ps7_cortexa9_0/lib/xuartps_intr.o ps7_cortexa9_0/lib/xsdps_card.o ps7_cortexa9_0/lib/xdmaps_hw.o ps7_cortexa9_0/lib/sbrk.o ps
TRACE::2025-11-24.00:11:13::SCWBDomain::7_cortexa9_0/lib/xgpiops_hw.o ps7_cortexa9_0/lib/xsdps_g.o ps7_cortexa9_0/lib/fstat.o ps7_cortexa9_0/lib/errno.o ps7_cortexa9_0
TRACE::2025-11-24.00:11:13::SCWBDomain::/lib/xdevcfg_intr.o ps7_cortexa9_0/lib/xuartps_options.o ps7_cortexa9_0/lib/vectors.o ps7_cortexa9_0/lib/xscuwdt_g.o ps7_cortex
TRACE::2025-11-24.00:11:13::SCWBDomain::a9_0/lib/xscuwdt_sinit.o ps7_cortexa9_0/lib/xemacps_intr.o ps7_cortexa9_0/lib/xscuwdt_selftest.o ps7_cortexa9_0/lib/xgpio_extra
TRACE::2025-11-24.00:11:13::SCWBDomain::.o ps7_cortexa9_0/lib/isatty.o ps7_cortexa9_0/lib/xil-crt0.o ps7_cortexa9_0/lib/xscugic.o ps7_cortexa9_0/lib/xuartps_hw.o ps7_c
TRACE::2025-11-24.00:11:13::SCWBDomain::ortexa9_0/lib/xadcps_g.o ps7_cortexa9_0/lib/xqspips_sinit.o ps7_cortexa9_0/lib/xadcps_sinit.o ps7_cortexa9_0/lib/xgpio_selftest
TRACE::2025-11-24.00:11:13::SCWBDomain::.o

TRACE::2025-11-24.00:11:13::SCWBDomain::'Finished building libraries'

TRACE::2025-11-24.00:11:13::SCWBDomain::make: Leaving directory 'D:/Vivado_Projects/Assignment_3/pc/sw/design_1_wrapper/zynq_fsbl/zynq_fsbl_bsp'

TRACE::2025-11-24.00:11:13::SCWBDomain::arm-none-eabi-gcc  -O2 -c -MMD -MP       -mcpu=cortex-a9 -mfpu=vfpv3 -mfloat-abi=hard  -c sd.c -o sd.o -Izynq_fsbl_bsp/ps7_cort
TRACE::2025-11-24.00:11:13::SCWBDomain::exa9_0/include -I.

TRACE::2025-11-24.00:11:13::SCWBDomain::arm-none-eabi-gcc  -O2 -c -MMD -MP       -mcpu=cortex-a9 -mfpu=vfpv3 -mfloat-abi=hard  -c nand.c -o nand.o -Izynq_fsbl_bsp/ps7_
TRACE::2025-11-24.00:11:13::SCWBDomain::cortexa9_0/include -I.

TRACE::2025-11-24.00:11:13::SCWBDomain::arm-none-eabi-gcc  -O2 -c -MMD -MP       -mcpu=cortex-a9 -mfpu=vfpv3 -mfloat-abi=hard  -c nor.c -o nor.o -Izynq_fsbl_bsp/ps7_co
TRACE::2025-11-24.00:11:13::SCWBDomain::rtexa9_0/include -I.

TRACE::2025-11-24.00:11:13::SCWBDomain::arm-none-eabi-gcc  -O2 -c -MMD -MP       -mcpu=cortex-a9 -mfpu=vfpv3 -mfloat-abi=hard  -c image_mover.c -o image_mover.o -Izynq
TRACE::2025-11-24.00:11:13::SCWBDomain::_fsbl_bsp/ps7_cortexa9_0/include -I.

TRACE::2025-11-24.00:11:13::SCWBDomain::arm-none-eabi-gcc  -O2 -c -MMD -MP       -mcpu=cortex-a9 -mfpu=vfpv3 -mfloat-abi=hard  -c md5.c -o md5.o -Izynq_fsbl_bsp/ps7_co
TRACE::2025-11-24.00:11:13::SCWBDomain::rtexa9_0/include -I.

TRACE::2025-11-24.00:11:14::SCWBDomain::arm-none-eabi-gcc  -O2 -c -MMD -MP       -mcpu=cortex-a9 -mfpu=vfpv3 -mfloat-abi=hard  -c fsbl_hooks.c -o fsbl_hooks.o -Izynq_f
TRACE::2025-11-24.00:11:14::SCWBDomain::sbl_bsp/ps7_cortexa9_0/include -I.

TRACE::2025-11-24.00:11:14::SCWBDomain::arm-none-eabi-gcc  -O2 -c -MMD -MP       -mcpu=cortex-a9 -mfpu=vfpv3 -mfloat-abi=hard  -c main.c -o main.o -Izynq_fsbl_bsp/ps7_
TRACE::2025-11-24.00:11:14::SCWBDomain::cortexa9_0/include -I.

TRACE::2025-11-24.00:11:14::SCWBDomain::arm-none-eabi-gcc  -O2 -c -MMD -MP       -mcpu=cortex-a9 -mfpu=vfpv3 -mfloat-abi=hard  -c rsa.c -o rsa.o -Izynq_fsbl_bsp/ps7_co
TRACE::2025-11-24.00:11:14::SCWBDomain::rtexa9_0/include -I.

TRACE::2025-11-24.00:11:14::SCWBDomain::arm-none-eabi-gcc  -O2 -c -MMD -MP       -mcpu=cortex-a9 -mfpu=vfpv3 -mfloat-abi=hard  -c qspi.c -o qspi.o -Izynq_fsbl_bsp/ps7_
TRACE::2025-11-24.00:11:14::SCWBDomain::cortexa9_0/include -I.

TRACE::2025-11-24.00:11:14::SCWBDomain::arm-none-eabi-gcc  -O2 -c -MMD -MP       -mcpu=cortex-a9 -mfpu=vfpv3 -mfloat-abi=hard  -c ps7_init.c -o ps7_init.o -Izynq_fsbl_
TRACE::2025-11-24.00:11:14::SCWBDomain::bsp/ps7_cortexa9_0/include -I.

TRACE::2025-11-24.00:11:14::SCWBDomain::arm-none-eabi-gcc  -O2 -c -MMD -MP       -mcpu=cortex-a9 -mfpu=vfpv3 -mfloat-abi=hard  -c pcap.c -o pcap.o -Izynq_fsbl_bsp/ps7_
TRACE::2025-11-24.00:11:14::SCWBDomain::cortexa9_0/include -I.

TRACE::2025-11-24.00:11:14::SCWBDomain::arm-none-eabi-gcc  -O2 -c -MMD -MP       -mcpu=cortex-a9 -mfpu=vfpv3 -mfloat-abi=hard  -c fsbl_handoff.S -o fsbl_handoff.o -Izy
TRACE::2025-11-24.00:11:14::SCWBDomain::nq_fsbl_bsp/ps7_cortexa9_0/include -I.

TRACE::2025-11-24.00:11:14::SCWBDomain::arm-none-eabi-gcc -o fsbl.elf fsbl_handoff.o fsbl_hooks.o image_mover.o main.o md5.o nand.o nor.o pcap.o ps7_init.o qspi.o rsa.
TRACE::2025-11-24.00:11:14::SCWBDomain::o sd.o -MMD -MP       -mcpu=cortex-a9 -mfpu=vfpv3 -mfloat-abi=hard   -mcpu=cortex-a9 -mfpu=vfpv3 -mfloat-abi=hard -Wl,-build-id
TRACE::2025-11-24.00:11:14::SCWBDomain::=none -specs=Xilinx.spec  -lrsa -Wl,--start-group,-lxil,-lgcc,-lc,--end-group -Wl,--start-group,-lxilffs,-lxil,-lgcc,-lc,--end-
TRACE::2025-11-24.00:11:14::SCWBDomain::group -Wl,--start-group,-lrsa,-lxil,-lgcc,-lc,--end-group                                        -Wl,--gc-sections -Lzynq_fsbl_
TRACE::2025-11-24.00:11:14::SCWBDomain::bsp/ps7_cortexa9_0/lib -L./ -Tlscript.ld

LOG::2025-11-24.00:11:14::SCWSystem::Checking the domain freertos10_xilinx_ps7_cortexa9_0
LOG::2025-11-24.00:11:14::SCWSystem::Not a boot domain 
LOG::2025-11-24.00:11:14::SCWSystem::Started Processing the domain freertos10_xilinx_ps7_cortexa9_0
TRACE::2025-11-24.00:11:14::SCWDomain::Generating domain artifcats
TRACE::2025-11-24.00:11:14::SCWMssOS::Generating standalone artifcats
TRACE::2025-11-24.00:11:14::SCWMssOS::Copying the qemu file from  D:/Softwares/Xilinx/Vitis/2021.2/data/emulation/platforms/zynq/sw/a9_standalone/qemu/qemu_args.txt To D:/Vivado_Projects/Assignment_3/pc/sw/design_1_wrapper/export/design_1_wrapper/sw/design_1_wrapper/qemu/
TRACE::2025-11-24.00:11:14::SCWMssOS::Copying the qemu file from  D:/Softwares/Xilinx/Vitis/2021.2/data/emulation/platforms/zynq/sw/a9_standalone/qemu/qemu_args.txt To D:/Vivado_Projects/Assignment_3/pc/sw/design_1_wrapper/export/design_1_wrapper/sw/design_1_wrapper/freertos10_xilinx_ps7_cortexa9_0/qemu/
TRACE::2025-11-24.00:11:14::SCWMssOS:: Copying the user libraries. 
TRACE::2025-11-24.00:11:14::SCWPlatform::Trying to open the hw design at D:/Vivado_Projects/Assignment_3/pc/sw/design_1_wrapper/hw/design_1_wrapper.xsa
TRACE::2025-11-24.00:11:14::SCWPlatform::DSA given D:/Vivado_Projects/Assignment_3/pc/sw/design_1_wrapper/hw/design_1_wrapper.xsa
TRACE::2025-11-24.00:11:14::SCWPlatform::DSA absoulate path D:/Vivado_Projects/Assignment_3/pc/sw/design_1_wrapper/hw/design_1_wrapper.xsa
TRACE::2025-11-24.00:11:14::SCWPlatform::DSA directory D:/Vivado_Projects/Assignment_3/pc/sw/design_1_wrapper/hw
TRACE::2025-11-24.00:11:14::SCWPlatform:: Platform Path D:/Vivado_Projects/Assignment_3/pc/sw/design_1_wrapper/hw/design_1_wrapper.xsa
TRACE::2025-11-24.00:11:14::SCWPlatform:: Unique name xilinx:zedboard::0.0
TRACE::2025-11-24.00:11:14::SCWPlatform::Trying to set the existing hwdb with name design_1_wrapper_0
TRACE::2025-11-24.00:11:14::SCWPlatform::Opened existing hwdb design_1_wrapper_0
TRACE::2025-11-24.00:11:14::SCWPlatform::Found the Hw Db part of the input DSA
TRACE::2025-11-24.00:11:14::SCWMssOS::Checking the sw design at  D:/Vivado_Projects/Assignment_3/pc/sw/design_1_wrapper/ps7_cortexa9_0/freertos10_xilinx_ps7_cortexa9_0/bsp/system.mss
TRACE::2025-11-24.00:11:14::SCWMssOS::DEBUG:  swdes dump  D:/Vivado_Projects/Assignment_3/pc/sw/design_1_wrapper/ps7_cortexa9_0/freertos10_xilinx_ps7_cortexa9_0/bsp/system.mss|system_0||
D:/Vivado_Projects/Assignment_3/pc/sw/design_1_wrapper/zynq_fsbl/zynq_fsbl_bsp/system.mss|system||

TRACE::2025-11-24.00:11:14::SCWMssOS::Sw design exists and opened at  D:/Vivado_Projects/Assignment_3/pc/sw/design_1_wrapper/ps7_cortexa9_0/freertos10_xilinx_ps7_cortexa9_0/bsp/system.mss
TRACE::2025-11-24.00:11:14::SCWMssOS::Completed writing the mss file at D:/Vivado_Projects/Assignment_3/pc/sw/design_1_wrapper/ps7_cortexa9_0/freertos10_xilinx_ps7_cortexa9_0/bsp
TRACE::2025-11-24.00:11:14::SCWMssOS::Mss edits present, copying mssfile into export location D:/Vivado_Projects/Assignment_3/pc/sw/design_1_wrapper/ps7_cortexa9_0/freertos10_xilinx_ps7_cortexa9_0/bsp/system.mss
TRACE::2025-11-24.00:11:14::SCWMssOS::bsp generated is upto date with the mss file. Skipping bsp generation.
TRACE::2025-11-24.00:11:14::SCWMssOS::BSP is already built. skipping the bsp build ... 
TRACE::2025-11-24.00:11:14::SCWDomain::Building the domain as part of full build :  freertos10_xilinx_ps7_cortexa9_0
TRACE::2025-11-24.00:11:14::SCWMssOS::doing bsp build ... 
TRACE::2025-11-24.00:11:14::SCWMssOS::System Command Ran  D: & cd  D:/Vivado_Projects/Assignment_3/pc/sw/design_1_wrapper/ps7_cortexa9_0/freertos10_xilinx_ps7_cortexa9_0/bsp & make 
TRACE::2025-11-24.00:11:14::SCWMssOS::make --no-print-directory seq_libs

TRACE::2025-11-24.00:11:14::SCWMssOS::'Finished building libraries sequentially.'

TRACE::2025-11-24.00:11:14::SCWMssOS::make -j 14 --no-print-directory par_libs

TRACE::2025-11-24.00:11:14::SCWMssOS::"Running Make include in ps7_cortexa9_0/libsrc/coresightps_dcc_v1_8/src"

TRACE::2025-11-24.00:11:14::SCWMssOS::make -C ps7_cortexa9_0/libsrc/coresightps_dcc_v1_8/src -s include  "SHELL=CMD" "COMPILER=arm-none-eabi-gcc" "ASSEMBLER=arm-none
TRACE::2025-11-24.00:11:14::SCWMssOS::-eabi-as" "ARCHIVER=arm-none-eabi-ar" "COMPILER_FLAGS=  -O2 -c" "EXTRA_COMPILER_FLAGS=-mcpu=cortex-a9 -mfpu=vfpv3 -mfloat-abi=h
TRACE::2025-11-24.00:11:14::SCWMssOS::ard -nostartfiles -g -Wall -Wextra -fno-tree-loop-distribute-patterns"

TRACE::2025-11-24.00:11:14::SCWMssOS::"Running Make include in ps7_cortexa9_0/libsrc/cpu_cortexa9_v2_11/src"

TRACE::2025-11-24.00:11:14::SCWMssOS::make -C ps7_cortexa9_0/libsrc/cpu_cortexa9_v2_11/src -s include  "SHELL=CMD" "COMPILER=arm-none-eabi-gcc" "ASSEMBLER=arm-none-e
TRACE::2025-11-24.00:11:14::SCWMssOS::abi-as" "ARCHIVER=arm-none-eabi-ar" "COMPILER_FLAGS=  -O2 -c" "EXTRA_COMPILER_FLAGS=-mcpu=cortex-a9 -mfpu=vfpv3 -mfloat-abi=har
TRACE::2025-11-24.00:11:14::SCWMssOS::d -nostartfiles -g -Wall -Wextra -fno-tree-loop-distribute-patterns"

TRACE::2025-11-24.00:11:14::SCWMssOS::"Running Make include in ps7_cortexa9_0/libsrc/ddrps_v1_2/src"

TRACE::2025-11-24.00:11:14::SCWMssOS::make -C ps7_cortexa9_0/libsrc/ddrps_v1_2/src -s include  "SHELL=CMD" "COMPILER=arm-none-eabi-gcc" "ASSEMBLER=arm-none-eabi-as" 
TRACE::2025-11-24.00:11:14::SCWMssOS::"ARCHIVER=arm-none-eabi-ar" "COMPILER_FLAGS=  -O2 -c" "EXTRA_COMPILER_FLAGS=-mcpu=cortex-a9 -mfpu=vfpv3 -mfloat-abi=hard -nosta
TRACE::2025-11-24.00:11:14::SCWMssOS::rtfiles -g -Wall -Wextra -fno-tree-loop-distribute-patterns"

TRACE::2025-11-24.00:11:14::SCWMssOS::"Running Make include in ps7_cortexa9_0/libsrc/devcfg_v3_7/src"

TRACE::2025-11-24.00:11:15::SCWMssOS::make -C ps7_cortexa9_0/libsrc/devcfg_v3_7/src -s include  "SHELL=CMD" "COMPILER=arm-none-eabi-gcc" "ASSEMBLER=arm-none-eabi-as"
TRACE::2025-11-24.00:11:15::SCWMssOS:: "ARCHIVER=arm-none-eabi-ar" "COMPILER_FLAGS=  -O2 -c" "EXTRA_COMPILER_FLAGS=-mcpu=cortex-a9 -mfpu=vfpv3 -mfloat-abi=hard -nost
TRACE::2025-11-24.00:11:15::SCWMssOS::artfiles -g -Wall -Wextra -fno-tree-loop-distribute-patterns"

TRACE::2025-11-24.00:11:15::SCWMssOS::"Running Make include in ps7_cortexa9_0/libsrc/dmaps_v2_8/src"

TRACE::2025-11-24.00:11:15::SCWMssOS::make -C ps7_cortexa9_0/libsrc/dmaps_v2_8/src -s include  "SHELL=CMD" "COMPILER=arm-none-eabi-gcc" "ASSEMBLER=arm-none-eabi-as" 
TRACE::2025-11-24.00:11:15::SCWMssOS::"ARCHIVER=arm-none-eabi-ar" "COMPILER_FLAGS=  -O2 -c" "EXTRA_COMPILER_FLAGS=-mcpu=cortex-a9 -mfpu=vfpv3 -mfloat-abi=hard -nosta
TRACE::2025-11-24.00:11:15::SCWMssOS::rtfiles -g -Wall -Wextra -fno-tree-loop-distribute-patterns"

TRACE::2025-11-24.00:11:15::SCWMssOS::"Running Make include in ps7_cortexa9_0/libsrc/emacps_v3_15/src"

TRACE::2025-11-24.00:11:15::SCWMssOS::make -C ps7_cortexa9_0/libsrc/emacps_v3_15/src -s include  "SHELL=CMD" "COMPILER=arm-none-eabi-gcc" "ASSEMBLER=arm-none-eabi-as
TRACE::2025-11-24.00:11:15::SCWMssOS::" "ARCHIVER=arm-none-eabi-ar" "COMPILER_FLAGS=  -O2 -c" "EXTRA_COMPILER_FLAGS=-mcpu=cortex-a9 -mfpu=vfpv3 -mfloat-abi=hard -nos
TRACE::2025-11-24.00:11:15::SCWMssOS::tartfiles -g -Wall -Wextra -fno-tree-loop-distribute-patterns"

TRACE::2025-11-24.00:11:15::SCWMssOS::"Running Make include in ps7_cortexa9_0/libsrc/freertos10_xilinx_v1_10/src"

TRACE::2025-11-24.00:11:15::SCWMssOS::make -C ps7_cortexa9_0/libsrc/freertos10_xilinx_v1_10/src -s include  "SHELL=CMD" "COMPILER=arm-none-eabi-gcc" "ASSEMBLER=arm-n
TRACE::2025-11-24.00:11:15::SCWMssOS::one-eabi-as" "ARCHIVER=arm-none-eabi-ar" "COMPILER_FLAGS=  -O2 -c" "EXTRA_COMPILER_FLAGS=-mcpu=cortex-a9 -mfpu=vfpv3 -mfloat-ab
TRACE::2025-11-24.00:11:15::SCWMssOS::i=hard -nostartfiles -g -Wall -Wextra -fno-tree-loop-distribute-patterns"

TRACE::2025-11-24.00:11:15::SCWMssOS::"Running Make include in ps7_cortexa9_0/libsrc/gpiops_v3_9/src"

TRACE::2025-11-24.00:11:15::SCWMssOS::make -C ps7_cortexa9_0/libsrc/gpiops_v3_9/src -s include  "SHELL=CMD" "COMPILER=arm-none-eabi-gcc" "ASSEMBLER=arm-none-eabi-as"
TRACE::2025-11-24.00:11:15::SCWMssOS:: "ARCHIVER=arm-none-eabi-ar" "COMPILER_FLAGS=  -O2 -c" "EXTRA_COMPILER_FLAGS=-mcpu=cortex-a9 -mfpu=vfpv3 -mfloat-abi=hard -nost
TRACE::2025-11-24.00:11:15::SCWMssOS::artfiles -g -Wall -Wextra -fno-tree-loop-distribute-patterns"

TRACE::2025-11-24.00:11:15::SCWMssOS::"Running Make include in ps7_cortexa9_0/libsrc/gpio_v4_8/src"

TRACE::2025-11-24.00:11:15::SCWMssOS::make -C ps7_cortexa9_0/libsrc/gpio_v4_8/src -s include  "SHELL=CMD" "COMPILER=arm-none-eabi-gcc" "ASSEMBLER=arm-none-eabi-as" "
TRACE::2025-11-24.00:11:15::SCWMssOS::ARCHIVER=arm-none-eabi-ar" "COMPILER_FLAGS=  -O2 -c" "EXTRA_COMPILER_FLAGS=-mcpu=cortex-a9 -mfpu=vfpv3 -mfloat-abi=hard -nostar
TRACE::2025-11-24.00:11:15::SCWMssOS::tfiles -g -Wall -Wextra -fno-tree-loop-distribute-patterns"

TRACE::2025-11-24.00:11:15::SCWMssOS::"Running Make include in ps7_cortexa9_0/libsrc/qspips_v3_9/src"

TRACE::2025-11-24.00:11:15::SCWMssOS::make -C ps7_cortexa9_0/libsrc/qspips_v3_9/src -s include  "SHELL=CMD" "COMPILER=arm-none-eabi-gcc" "ASSEMBLER=arm-none-eabi-as"
TRACE::2025-11-24.00:11:15::SCWMssOS:: "ARCHIVER=arm-none-eabi-ar" "COMPILER_FLAGS=  -O2 -c" "EXTRA_COMPILER_FLAGS=-mcpu=cortex-a9 -mfpu=vfpv3 -mfloat-abi=hard -nost
TRACE::2025-11-24.00:11:15::SCWMssOS::artfiles -g -Wall -Wextra -fno-tree-loop-distribute-patterns"

TRACE::2025-11-24.00:11:15::SCWMssOS::"Running Make include in ps7_cortexa9_0/libsrc/scugic_v4_6/src"

TRACE::2025-11-24.00:11:15::SCWMssOS::make -C ps7_cortexa9_0/libsrc/scugic_v4_6/src -s include  "SHELL=CMD" "COMPILER=arm-none-eabi-gcc" "ASSEMBLER=arm-none-eabi-as"
TRACE::2025-11-24.00:11:15::SCWMssOS:: "ARCHIVER=arm-none-eabi-ar" "COMPILER_FLAGS=  -O2 -c" "EXTRA_COMPILER_FLAGS=-mcpu=cortex-a9 -mfpu=vfpv3 -mfloat-abi=hard -nost
TRACE::2025-11-24.00:11:15::SCWMssOS::artfiles -g -Wall -Wextra -fno-tree-loop-distribute-patterns"

TRACE::2025-11-24.00:11:15::SCWMssOS::"Running Make include in ps7_cortexa9_0/libsrc/scutimer_v2_3/src"

TRACE::2025-11-24.00:11:15::SCWMssOS::make -C ps7_cortexa9_0/libsrc/scutimer_v2_3/src -s include  "SHELL=CMD" "COMPILER=arm-none-eabi-gcc" "ASSEMBLER=arm-none-eabi-a
TRACE::2025-11-24.00:11:15::SCWMssOS::s" "ARCHIVER=arm-none-eabi-ar" "COMPILER_FLAGS=  -O2 -c" "EXTRA_COMPILER_FLAGS=-mcpu=cortex-a9 -mfpu=vfpv3 -mfloat-abi=hard -no
TRACE::2025-11-24.00:11:15::SCWMssOS::startfiles -g -Wall -Wextra -fno-tree-loop-distribute-patterns"

TRACE::2025-11-24.00:11:15::SCWMssOS::"Running Make include in ps7_cortexa9_0/libsrc/scuwdt_v2_4/src"

TRACE::2025-11-24.00:11:15::SCWMssOS::"includes"

TRACE::2025-11-24.00:11:15::SCWMssOS::make -C ps7_cortexa9_0/libsrc/scuwdt_v2_4/src -s include  "SHELL=CMD" "COMPILER=arm-none-eabi-gcc" "ASSEMBLER=arm-none-eabi-as"
TRACE::2025-11-24.00:11:15::SCWMssOS:: "ARCHIVER=arm-none-eabi-ar" "COMPILER_FLAGS=  -O2 -c" "EXTRA_COMPILER_FLAGS=-mcpu=cortex-a9 -mfpu=vfpv3 -mfloat-abi=hard -nost
TRACE::2025-11-24.00:11:15::SCWMssOS::artfiles -g -Wall -Wextra -fno-tree-loop-distribute-patterns"

TRACE::2025-11-24.00:11:15::SCWMssOS::"Running Make include in ps7_cortexa9_0/libsrc/sdps_v3_13/src"

TRACE::2025-11-24.00:11:15::SCWMssOS::make -C ps7_cortexa9_0/libsrc/sdps_v3_13/src -s include  "SHELL=CMD" "COMPILER=arm-none-eabi-gcc" "ASSEMBLER=arm-none-eabi-as" 
TRACE::2025-11-24.00:11:15::SCWMssOS::"ARCHIVER=arm-none-eabi-ar" "COMPILER_FLAGS=  -O2 -c" "EXTRA_COMPILER_FLAGS=-mcpu=cortex-a9 -mfpu=vfpv3 -mfloat-abi=hard -nosta
TRACE::2025-11-24.00:11:15::SCWMssOS::rtfiles -g -Wall -Wextra -fno-tree-loop-distribute-patterns"

TRACE::2025-11-24.00:11:15::SCWMssOS::"Running Make include in ps7_cortexa9_0/libsrc/ttcps_v3_14/src"

TRACE::2025-11-24.00:11:15::SCWMssOS::make -C ps7_cortexa9_0/libsrc/ttcps_v3_14/src -s include  "SHELL=CMD" "COMPILER=arm-none-eabi-gcc" "ASSEMBLER=arm-none-eabi-as"
TRACE::2025-11-24.00:11:15::SCWMssOS:: "ARCHIVER=arm-none-eabi-ar" "COMPILER_FLAGS=  -O2 -c" "EXTRA_COMPILER_FLAGS=-mcpu=cortex-a9 -mfpu=vfpv3 -mfloat-abi=hard -nost
TRACE::2025-11-24.00:11:15::SCWMssOS::artfiles -g -Wall -Wextra -fno-tree-loop-distribute-patterns"

TRACE::2025-11-24.00:11:15::SCWMssOS::"Running Make include in ps7_cortexa9_0/libsrc/uartps_v3_11/src"

TRACE::2025-11-24.00:11:15::SCWMssOS::make -C ps7_cortexa9_0/libsrc/uartps_v3_11/src -s include  "SHELL=CMD" "COMPILER=arm-none-eabi-gcc" "ASSEMBLER=arm-none-eabi-as
TRACE::2025-11-24.00:11:15::SCWMssOS::" "ARCHIVER=arm-none-eabi-ar" "COMPILER_FLAGS=  -O2 -c" "EXTRA_COMPILER_FLAGS=-mcpu=cortex-a9 -mfpu=vfpv3 -mfloat-abi=hard -nos
TRACE::2025-11-24.00:11:15::SCWMssOS::tartfiles -g -Wall -Wextra -fno-tree-loop-distribute-patterns"

TRACE::2025-11-24.00:11:15::SCWMssOS::"Running Make include in ps7_cortexa9_0/libsrc/usbps_v2_7/src"

TRACE::2025-11-24.00:11:15::SCWMssOS::make -C ps7_cortexa9_0/libsrc/usbps_v2_7/src -s include  "SHELL=CMD" "COMPILER=arm-none-eabi-gcc" "ASSEMBLER=arm-none-eabi-as" 
TRACE::2025-11-24.00:11:15::SCWMssOS::"ARCHIVER=arm-none-eabi-ar" "COMPILER_FLAGS=  -O2 -c" "EXTRA_COMPILER_FLAGS=-mcpu=cortex-a9 -mfpu=vfpv3 -mfloat-abi=hard -nosta
TRACE::2025-11-24.00:11:15::SCWMssOS::rtfiles -g -Wall -Wextra -fno-tree-loop-distribute-patterns"

TRACE::2025-11-24.00:11:15::SCWMssOS::"Running Make include in ps7_cortexa9_0/libsrc/xadcps_v2_6/src"

TRACE::2025-11-24.00:11:15::SCWMssOS::make -C ps7_cortexa9_0/libsrc/xadcps_v2_6/src -s include  "SHELL=CMD" "COMPILER=arm-none-eabi-gcc" "ASSEMBLER=arm-none-eabi-as"
TRACE::2025-11-24.00:11:15::SCWMssOS:: "ARCHIVER=arm-none-eabi-ar" "COMPILER_FLAGS=  -O2 -c" "EXTRA_COMPILER_FLAGS=-mcpu=cortex-a9 -mfpu=vfpv3 -mfloat-abi=hard -nost
TRACE::2025-11-24.00:11:15::SCWMssOS::artfiles -g -Wall -Wextra -fno-tree-loop-distribute-patterns"

TRACE::2025-11-24.00:11:15::SCWMssOS::"Running Make libs in ps7_cortexa9_0/libsrc/coresightps_dcc_v1_8/src"

TRACE::2025-11-24.00:11:15::SCWMssOS::make -C ps7_cortexa9_0/libsrc/coresightps_dcc_v1_8/src -s libs  "SHELL=CMD" "COMPILER=arm-none-eabi-gcc" "ASSEMBLER=arm-none-ea
TRACE::2025-11-24.00:11:15::SCWMssOS::bi-as" "ARCHIVER=arm-none-eabi-ar" "COMPILER_FLAGS=  -O2 -c" "EXTRA_COMPILER_FLAGS=-mcpu=cortex-a9 -mfpu=vfpv3 -mfloat-abi=hard
TRACE::2025-11-24.00:11:15::SCWMssOS:: -nostartfiles -g -Wall -Wextra -fno-tree-loop-distribute-patterns"

TRACE::2025-11-24.00:11:15::SCWMssOS::"Running Make libs in ps7_cortexa9_0/libsrc/cpu_cortexa9_v2_11/src"

TRACE::2025-11-24.00:11:15::SCWMssOS::make -C ps7_cortexa9_0/libsrc/cpu_cortexa9_v2_11/src -s libs  "SHELL=CMD" "COMPILER=arm-none-eabi-gcc" "ASSEMBLER=arm-none-eabi
TRACE::2025-11-24.00:11:15::SCWMssOS::-as" "ARCHIVER=arm-none-eabi-ar" "COMPILER_FLAGS=  -O2 -c" "EXTRA_COMPILER_FLAGS=-mcpu=cortex-a9 -mfpu=vfpv3 -mfloat-abi=hard -
TRACE::2025-11-24.00:11:15::SCWMssOS::nostartfiles -g -Wall -Wextra -fno-tree-loop-distribute-patterns"

TRACE::2025-11-24.00:11:15::SCWMssOS::"Running Make libs in ps7_cortexa9_0/libsrc/ddrps_v1_2/src"

TRACE::2025-11-24.00:11:15::SCWMssOS::make -C ps7_cortexa9_0/libsrc/ddrps_v1_2/src -s libs  "SHELL=CMD" "COMPILER=arm-none-eabi-gcc" "ASSEMBLER=arm-none-eabi-as" "AR
TRACE::2025-11-24.00:11:15::SCWMssOS::CHIVER=arm-none-eabi-ar" "COMPILER_FLAGS=  -O2 -c" "EXTRA_COMPILER_FLAGS=-mcpu=cortex-a9 -mfpu=vfpv3 -mfloat-abi=hard -nostartf
TRACE::2025-11-24.00:11:15::SCWMssOS::iles -g -Wall -Wextra -fno-tree-loop-distribute-patterns"

TRACE::2025-11-24.00:11:15::SCWMssOS::"Running Make libs in ps7_cortexa9_0/libsrc/devcfg_v3_7/src"

TRACE::2025-11-24.00:11:15::SCWMssOS::make -C ps7_cortexa9_0/libsrc/devcfg_v3_7/src -s libs  "SHELL=CMD" "COMPILER=arm-none-eabi-gcc" "ASSEMBLER=arm-none-eabi-as" "A
TRACE::2025-11-24.00:11:15::SCWMssOS::RCHIVER=arm-none-eabi-ar" "COMPILER_FLAGS=  -O2 -c" "EXTRA_COMPILER_FLAGS=-mcpu=cortex-a9 -mfpu=vfpv3 -mfloat-abi=hard -nostart
TRACE::2025-11-24.00:11:15::SCWMssOS::files -g -Wall -Wextra -fno-tree-loop-distribute-patterns"

TRACE::2025-11-24.00:11:15::SCWMssOS::"Running Make libs in ps7_cortexa9_0/libsrc/dmaps_v2_8/src"

TRACE::2025-11-24.00:11:15::SCWMssOS::make -C ps7_cortexa9_0/libsrc/dmaps_v2_8/src -s libs  "SHELL=CMD" "COMPILER=arm-none-eabi-gcc" "ASSEMBLER=arm-none-eabi-as" "AR
TRACE::2025-11-24.00:11:15::SCWMssOS::CHIVER=arm-none-eabi-ar" "COMPILER_FLAGS=  -O2 -c" "EXTRA_COMPILER_FLAGS=-mcpu=cortex-a9 -mfpu=vfpv3 -mfloat-abi=hard -nostartf
TRACE::2025-11-24.00:11:15::SCWMssOS::iles -g -Wall -Wextra -fno-tree-loop-distribute-patterns"

TRACE::2025-11-24.00:11:15::SCWMssOS::"Running Make libs in ps7_cortexa9_0/libsrc/emacps_v3_15/src"

TRACE::2025-11-24.00:11:15::SCWMssOS::make -C ps7_cortexa9_0/libsrc/emacps_v3_15/src -s libs  "SHELL=CMD" "COMPILER=arm-none-eabi-gcc" "ASSEMBLER=arm-none-eabi-as" "
TRACE::2025-11-24.00:11:15::SCWMssOS::ARCHIVER=arm-none-eabi-ar" "COMPILER_FLAGS=  -O2 -c" "EXTRA_COMPILER_FLAGS=-mcpu=cortex-a9 -mfpu=vfpv3 -mfloat-abi=hard -nostar
TRACE::2025-11-24.00:11:15::SCWMssOS::tfiles -g -Wall -Wextra -fno-tree-loop-distribute-patterns"

TRACE::2025-11-24.00:11:15::SCWMssOS::"Running Make libs in ps7_cortexa9_0/libsrc/freertos10_xilinx_v1_10/src"

TRACE::2025-11-24.00:11:15::SCWMssOS::make -C ps7_cortexa9_0/libsrc/freertos10_xilinx_v1_10/src -s libs  "SHELL=CMD" "COMPILER=arm-none-eabi-gcc" "ASSEMBLER=arm-none
TRACE::2025-11-24.00:11:15::SCWMssOS::-eabi-as" "ARCHIVER=arm-none-eabi-ar" "COMPILER_FLAGS=  -O2 -c" "EXTRA_COMPILER_FLAGS=-mcpu=cortex-a9 -mfpu=vfpv3 -mfloat-abi=h
TRACE::2025-11-24.00:11:15::SCWMssOS::ard -nostartfiles -g -Wall -Wextra -fno-tree-loop-distribute-patterns"

TRACE::2025-11-24.00:11:15::SCWMssOS::"Running Make libs in ps7_cortexa9_0/libsrc/gpiops_v3_9/src"

TRACE::2025-11-24.00:11:15::SCWMssOS::make -C ps7_cortexa9_0/libsrc/gpiops_v3_9/src -s libs  "SHELL=CMD" "COMPILER=arm-none-eabi-gcc" "ASSEMBLER=arm-none-eabi-as" "A
TRACE::2025-11-24.00:11:15::SCWMssOS::RCHIVER=arm-none-eabi-ar" "COMPILER_FLAGS=  -O2 -c" "EXTRA_COMPILER_FLAGS=-mcpu=cortex-a9 -mfpu=vfpv3 -mfloat-abi=hard -nostart
TRACE::2025-11-24.00:11:15::SCWMssOS::files -g -Wall -Wextra -fno-tree-loop-distribute-patterns"

TRACE::2025-11-24.00:11:15::SCWMssOS::"Running Make libs in ps7_cortexa9_0/libsrc/gpio_v4_8/src"

TRACE::2025-11-24.00:11:15::SCWMssOS::make -C ps7_cortexa9_0/libsrc/gpio_v4_8/src -s libs  "SHELL=CMD" "COMPILER=arm-none-eabi-gcc" "ASSEMBLER=arm-none-eabi-as" "ARC
TRACE::2025-11-24.00:11:15::SCWMssOS::HIVER=arm-none-eabi-ar" "COMPILER_FLAGS=  -O2 -c" "EXTRA_COMPILER_FLAGS=-mcpu=cortex-a9 -mfpu=vfpv3 -mfloat-abi=hard -nostartfi
TRACE::2025-11-24.00:11:15::SCWMssOS::les -g -Wall -Wextra -fno-tree-loop-distribute-patterns"

TRACE::2025-11-24.00:11:15::SCWMssOS::"Running Make libs in ps7_cortexa9_0/libsrc/qspips_v3_9/src"

TRACE::2025-11-24.00:11:15::SCWMssOS::make -C ps7_cortexa9_0/libsrc/qspips_v3_9/src -s libs  "SHELL=CMD" "COMPILER=arm-none-eabi-gcc" "ASSEMBLER=arm-none-eabi-as" "A
TRACE::2025-11-24.00:11:15::SCWMssOS::RCHIVER=arm-none-eabi-ar" "COMPILER_FLAGS=  -O2 -c" "EXTRA_COMPILER_FLAGS=-mcpu=cortex-a9 -mfpu=vfpv3 -mfloat-abi=hard -nostart
TRACE::2025-11-24.00:11:15::SCWMssOS::files -g -Wall -Wextra -fno-tree-loop-distribute-patterns"

TRACE::2025-11-24.00:11:15::SCWMssOS::"Running Make libs in ps7_cortexa9_0/libsrc/scugic_v4_6/src"

TRACE::2025-11-24.00:11:15::SCWMssOS::make -C ps7_cortexa9_0/libsrc/scugic_v4_6/src -s libs  "SHELL=CMD" "COMPILER=arm-none-eabi-gcc" "ASSEMBLER=arm-none-eabi-as" "A
TRACE::2025-11-24.00:11:15::SCWMssOS::RCHIVER=arm-none-eabi-ar" "COMPILER_FLAGS=  -O2 -c" "EXTRA_COMPILER_FLAGS=-mcpu=cortex-a9 -mfpu=vfpv3 -mfloat-abi=hard -nostart
TRACE::2025-11-24.00:11:15::SCWMssOS::files -g -Wall -Wextra -fno-tree-loop-distribute-patterns"

TRACE::2025-11-24.00:11:16::SCWMssOS::"Running Make libs in ps7_cortexa9_0/libsrc/scutimer_v2_3/src"

TRACE::2025-11-24.00:11:16::SCWMssOS::make -C ps7_cortexa9_0/libsrc/scutimer_v2_3/src -s libs  "SHELL=CMD" "COMPILER=arm-none-eabi-gcc" "ASSEMBLER=arm-none-eabi-as" 
TRACE::2025-11-24.00:11:16::SCWMssOS::"ARCHIVER=arm-none-eabi-ar" "COMPILER_FLAGS=  -O2 -c" "EXTRA_COMPILER_FLAGS=-mcpu=cortex-a9 -mfpu=vfpv3 -mfloat-abi=hard -nosta
TRACE::2025-11-24.00:11:16::SCWMssOS::rtfiles -g -Wall -Wextra -fno-tree-loop-distribute-patterns"

TRACE::2025-11-24.00:11:16::SCWMssOS::"Running Make libs in ps7_cortexa9_0/libsrc/scuwdt_v2_4/src"

TRACE::2025-11-24.00:11:16::SCWMssOS::make -C ps7_cortexa9_0/libsrc/scuwdt_v2_4/src -s libs  "SHELL=CMD" "COMPILER=arm-none-eabi-gcc" "ASSEMBLER=arm-none-eabi-as" "A
TRACE::2025-11-24.00:11:16::SCWMssOS::RCHIVER=arm-none-eabi-ar" "COMPILER_FLAGS=  -O2 -c" "EXTRA_COMPILER_FLAGS=-mcpu=cortex-a9 -mfpu=vfpv3 -mfloat-abi=hard -nostart
TRACE::2025-11-24.00:11:16::SCWMssOS::files -g -Wall -Wextra -fno-tree-loop-distribute-patterns"

TRACE::2025-11-24.00:11:16::SCWMssOS::"Running Make libs in ps7_cortexa9_0/libsrc/sdps_v3_13/src"

TRACE::2025-11-24.00:11:16::SCWMssOS::make -C ps7_cortexa9_0/libsrc/sdps_v3_13/src -s libs  "SHELL=CMD" "COMPILER=arm-none-eabi-gcc" "ASSEMBLER=arm-none-eabi-as" "AR
TRACE::2025-11-24.00:11:16::SCWMssOS::CHIVER=arm-none-eabi-ar" "COMPILER_FLAGS=  -O2 -c" "EXTRA_COMPILER_FLAGS=-mcpu=cortex-a9 -mfpu=vfpv3 -mfloat-abi=hard -nostartf
TRACE::2025-11-24.00:11:16::SCWMssOS::iles -g -Wall -Wextra -fno-tree-loop-distribute-patterns"

TRACE::2025-11-24.00:11:16::SCWMssOS::"Running Make libs in ps7_cortexa9_0/libsrc/ttcps_v3_14/src"

TRACE::2025-11-24.00:11:16::SCWMssOS::make -C ps7_cortexa9_0/libsrc/ttcps_v3_14/src -s libs  "SHELL=CMD" "COMPILER=arm-none-eabi-gcc" "ASSEMBLER=arm-none-eabi-as" "A
TRACE::2025-11-24.00:11:16::SCWMssOS::RCHIVER=arm-none-eabi-ar" "COMPILER_FLAGS=  -O2 -c" "EXTRA_COMPILER_FLAGS=-mcpu=cortex-a9 -mfpu=vfpv3 -mfloat-abi=hard -nostart
TRACE::2025-11-24.00:11:16::SCWMssOS::files -g -Wall -Wextra -fno-tree-loop-distribute-patterns"

TRACE::2025-11-24.00:11:16::SCWMssOS::"Running Make libs in ps7_cortexa9_0/libsrc/uartps_v3_11/src"

TRACE::2025-11-24.00:11:16::SCWMssOS::make -C ps7_cortexa9_0/libsrc/uartps_v3_11/src -s libs  "SHELL=CMD" "COMPILER=arm-none-eabi-gcc" "ASSEMBLER=arm-none-eabi-as" "
TRACE::2025-11-24.00:11:16::SCWMssOS::ARCHIVER=arm-none-eabi-ar" "COMPILER_FLAGS=  -O2 -c" "EXTRA_COMPILER_FLAGS=-mcpu=cortex-a9 -mfpu=vfpv3 -mfloat-abi=hard -nostar
TRACE::2025-11-24.00:11:16::SCWMssOS::tfiles -g -Wall -Wextra -fno-tree-loop-distribute-patterns"

TRACE::2025-11-24.00:11:16::SCWMssOS::"Running Make libs in ps7_cortexa9_0/libsrc/usbps_v2_7/src"

TRACE::2025-11-24.00:11:16::SCWMssOS::make -C ps7_cortexa9_0/libsrc/usbps_v2_7/src -s libs  "SHELL=CMD" "COMPILER=arm-none-eabi-gcc" "ASSEMBLER=arm-none-eabi-as" "AR
TRACE::2025-11-24.00:11:16::SCWMssOS::CHIVER=arm-none-eabi-ar" "COMPILER_FLAGS=  -O2 -c" "EXTRA_COMPILER_FLAGS=-mcpu=cortex-a9 -mfpu=vfpv3 -mfloat-abi=hard -nostartf
TRACE::2025-11-24.00:11:16::SCWMssOS::iles -g -Wall -Wextra -fno-tree-loop-distribute-patterns"

TRACE::2025-11-24.00:11:16::SCWMssOS::"Running Make libs in ps7_cortexa9_0/libsrc/xadcps_v2_6/src"

TRACE::2025-11-24.00:11:16::SCWMssOS::make -C ps7_cortexa9_0/libsrc/xadcps_v2_6/src -s libs  "SHELL=CMD" "COMPILER=arm-none-eabi-gcc" "ASSEMBLER=arm-none-eabi-as" "A
TRACE::2025-11-24.00:11:16::SCWMssOS::RCHIVER=arm-none-eabi-ar" "COMPILER_FLAGS=  -O2 -c" "EXTRA_COMPILER_FLAGS=-mcpu=cortex-a9 -mfpu=vfpv3 -mfloat-abi=hard -nostart
TRACE::2025-11-24.00:11:16::SCWMssOS::files -g -Wall -Wextra -fno-tree-loop-distribute-patterns"

TRACE::2025-11-24.00:11:17::SCWMssOS::'Finished building libraries parallelly.'

TRACE::2025-11-24.00:11:17::SCWMssOS::make --no-print-directory archive

TRACE::2025-11-24.00:11:17::SCWMssOS::arm-none-eabi-ar -r  ps7_cortexa9_0/lib/libxil.a ps7_cortexa9_0/lib/xil_testcache.o ps7_cortexa9_0/lib/xadcps_selftest.o ps7_co
TRACE::2025-11-24.00:11:17::SCWMssOS::rtexa9_0/lib/xplatform_info.o ps7_cortexa9_0/lib/xil_mmu.o ps7_cortexa9_0/lib/_exit.o ps7_cortexa9_0/lib/xusbps_sinit.o ps7_cor
TRACE::2025-11-24.00:11:17::SCWMssOS::texa9_0/lib/xdevcfg_hw.o ps7_cortexa9_0/lib/xil_sleeptimer.o ps7_cortexa9_0/lib/xqspips_options.o ps7_cortexa9_0/lib/xdmaps_g.o
TRACE::2025-11-24.00:11:17::SCWMssOS:: ps7_cortexa9_0/lib/xscutimer_g.o ps7_cortexa9_0/lib/xsdps_options.o ps7_cortexa9_0/lib/xil_misc_psreset_api.o ps7_cortexa9_0/l
TRACE::2025-11-24.00:11:17::SCWMssOS::ib/xdmaps_sinit.o ps7_cortexa9_0/lib/xscutimer_sinit.o ps7_cortexa9_0/lib/xemacps_hw.o ps7_cortexa9_0/lib/inbyte.o ps7_cortexa9
TRACE::2025-11-24.00:11:17::SCWMssOS::_0/lib/xdmaps_selftest.o ps7_cortexa9_0/lib/xscutimer_selftest.o ps7_cortexa9_0/lib/putnum.o ps7_cortexa9_0/lib/xttcps_selftest
TRACE::2025-11-24.00:11:17::SCWMssOS::.o ps7_cortexa9_0/lib/xqspips_hw.o ps7_cortexa9_0/lib/xgpiops_g.o ps7_cortexa9_0/lib/xsdps.o ps7_cortexa9_0/lib/close.o ps7_cor
TRACE::2025-11-24.00:11:17::SCWMssOS::texa9_0/lib/xemacps_g.o ps7_cortexa9_0/lib/xscugic_intr.o ps7_cortexa9_0/lib/xgpiops_sinit.o ps7_cortexa9_0/lib/xgpiops_selftes
TRACE::2025-11-24.00:11:17::SCWMssOS::t.o ps7_cortexa9_0/lib/xgpio_g.o ps7_cortexa9_0/lib/xscuwdt.o ps7_cortexa9_0/lib/xil_clocking.o ps7_cortexa9_0/lib/xgpio_sinit.
TRACE::2025-11-24.00:11:17::SCWMssOS::o ps7_cortexa9_0/lib/xil_printf.o ps7_cortexa9_0/lib/kill.o ps7_cortexa9_0/lib/xadcps.o ps7_cortexa9_0/lib/xuartps_sinit.o ps7_
TRACE::2025-11-24.00:11:17::SCWMssOS::cortexa9_0/lib/xuartps_g.o ps7_cortexa9_0/lib/outbyte.o ps7_cortexa9_0/lib/lseek.o ps7_cortexa9_0/lib/xusbps_hw.o ps7_cortexa9_
TRACE::2025-11-24.00:11:17::SCWMssOS::0/lib/xl2cc_counter.o ps7_cortexa9_0/lib/abort.o ps7_cortexa9_0/lib/xdevcfg_g.o ps7_cortexa9_0/lib/getpid.o ps7_cortexa9_0/lib/
TRACE::2025-11-24.00:11:17::SCWMssOS::xttcps_g.o ps7_cortexa9_0/lib/xdevcfg_sinit.o ps7_cortexa9_0/lib/xdmaps.o ps7_cortexa9_0/lib/xscutimer.o ps7_cortexa9_0/lib/xil
TRACE::2025-11-24.00:11:17::SCWMssOS::_mem.o ps7_cortexa9_0/lib/xdevcfg_selftest.o ps7_cortexa9_0/lib/xttcps.o ps7_cortexa9_0/lib/xpm_counter.o ps7_cortexa9_0/lib/_s
TRACE::2025-11-24.00:11:17::SCWMssOS::brk.o ps7_cortexa9_0/lib/xemacps_sinit.o ps7_cortexa9_0/lib/time.o ps7_cortexa9_0/lib/xqspips_g.o ps7_cortexa9_0/lib/xgpiops.o 
TRACE::2025-11-24.00:11:17::SCWMssOS::ps7_cortexa9_0/lib/xsdps_g.o ps7_cortexa9_0/lib/xusbps_g.o ps7_cortexa9_0/lib/xsdps_sinit.o ps7_cortexa9_0/lib/xuartps_selftest
TRACE::2025-11-24.00:11:17::SCWMssOS::.o ps7_cortexa9_0/lib/xqspips_selftest.o ps7_cortexa9_0/lib/xil_exception.o ps7_cortexa9_0/lib/xgpio.o ps7_cortexa9_0/lib/xil_t
TRACE::2025-11-24.00:11:17::SCWMssOS::estmem.o ps7_cortexa9_0/lib/xemacps_control.o ps7_cortexa9_0/lib/open.o ps7_cortexa9_0/lib/xil_assert.o ps7_cortexa9_0/lib/xusb
TRACE::2025-11-24.00:11:17::SCWMssOS::ps_intr.o ps7_cortexa9_0/lib/xsdps_host.o ps7_cortexa9_0/lib/xcoresightpsdcc.o ps7_cortexa9_0/lib/xscugic_hw.o ps7_cortexa9_0/l
TRACE::2025-11-24.00:11:17::SCWMssOS::ib/xuartps.o ps7_cortexa9_0/lib/sleep.o ps7_cortexa9_0/lib/cpputest_time.o ps7_cortexa9_0/lib/_open.o ps7_cortexa9_0/lib/fcntl.
TRACE::2025-11-24.00:11:17::SCWMssOS::o ps7_cortexa9_0/lib/xttcps_options.o ps7_cortexa9_0/lib/print.o ps7_cortexa9_0/lib/read.o ps7_cortexa9_0/lib/xdevcfg.o ps7_cor
TRACE::2025-11-24.00:11:17::SCWMssOS::texa9_0/lib/xadcps_intr.o ps7_cortexa9_0/lib/xqspips.o ps7_cortexa9_0/lib/xemacps.o ps7_cortexa9_0/lib/xil_cache.o ps7_cortexa9
TRACE::2025-11-24.00:11:17::SCWMssOS::_0/lib/xil_testio.o ps7_cortexa9_0/lib/unlink.o ps7_cortexa9_0/lib/xusbps.o ps7_cortexa9_0/lib/xil_spinlock.o ps7_cortexa9_0/li
TRACE::2025-11-24.00:11:17::SCWMssOS::b/translation_table.o ps7_cortexa9_0/lib/write.o ps7_cortexa9_0/lib/boot.o ps7_cortexa9_0/lib/xemacps_bdring.o ps7_cortexa9_0/l
TRACE::2025-11-24.00:11:17::SCWMssOS::ib/cpu_init.o ps7_cortexa9_0/lib/usleep.o ps7_cortexa9_0/lib/xil_sleepcommon.o ps7_cortexa9_0/lib/xscugic_g.o ps7_cortexa9_0/li
TRACE::2025-11-24.00:11:17::SCWMssOS::b/xusbps_endpoint.o ps7_cortexa9_0/lib/xgpiops_intr.o ps7_cortexa9_0/lib/xscugic_sinit.o ps7_cortexa9_0/lib/xscugic_selftest.o 
TRACE::2025-11-24.00:11:17::SCWMssOS::ps7_cortexa9_0/lib/xgpio_intr.o ps7_cortexa9_0/lib/xtime_l.o ps7_cortexa9_0/lib/xil_util.o ps7_cortexa9_0/lib/xuartps_intr.o ps
TRACE::2025-11-24.00:11:17::SCWMssOS::7_cortexa9_0/lib/xsdps_card.o ps7_cortexa9_0/lib/xdmaps_hw.o ps7_cortexa9_0/lib/sbrk.o ps7_cortexa9_0/lib/xgpiops_hw.o ps7_cort
TRACE::2025-11-24.00:11:17::SCWMssOS::exa9_0/lib/fstat.o ps7_cortexa9_0/lib/errno.o ps7_cortexa9_0/lib/xdevcfg_intr.o ps7_cortexa9_0/lib/xuartps_options.o ps7_cortex
TRACE::2025-11-24.00:11:17::SCWMssOS::a9_0/lib/vectors.o ps7_cortexa9_0/lib/xscuwdt_g.o ps7_cortexa9_0/lib/xscuwdt_sinit.o ps7_cortexa9_0/lib/xemacps_intr.o ps7_cort
TRACE::2025-11-24.00:11:17::SCWMssOS::exa9_0/lib/xscuwdt_selftest.o ps7_cortexa9_0/lib/xgpio_extra.o ps7_cortexa9_0/lib/isatty.o ps7_cortexa9_0/lib/xil-crt0.o ps7_co
TRACE::2025-11-24.00:11:17::SCWMssOS::rtexa9_0/lib/xscugic.o ps7_cortexa9_0/lib/xuartps_hw.o ps7_cortexa9_0/lib/xadcps_g.o ps7_cortexa9_0/lib/xttcps_sinit.o ps7_cort
TRACE::2025-11-24.00:11:17::SCWMssOS::exa9_0/lib/xqspips_sinit.o ps7_cortexa9_0/lib/xadcps_sinit.o ps7_cortexa9_0/lib/xgpio_selftest.o

TRACE::2025-11-24.00:11:17::SCWMssOS::'Finished building libraries'

TRACE::2025-11-24.00:11:17::SCWMssOS::Copying to export directory.
TRACE::2025-11-24.00:11:17::SCWMssOS:: Checking if to create the Supporting Applications
TRACE::2025-11-24.00:11:17::SCWMssOS:: No Linux domain exists, trying to generate FSBL 
LOG::2025-11-24.00:11:17::SCWSystem::Completed Processing the domain freertos10_xilinx_ps7_cortexa9_0
LOG::2025-11-24.00:11:17::SCWSystem::Completed Processing the sysconfig design_1_wrapper
LOG::2025-11-24.00:11:17::SCWPlatform::Completed generating the artifacts for system configuration design_1_wrapper
TRACE::2025-11-24.00:11:17::SCWPlatform::Started preparing the platform 
TRACE::2025-11-24.00:11:17::SCWSystem::Writing the bif file for system config design_1_wrapper
TRACE::2025-11-24.00:11:17::SCWSystem::dir created 
TRACE::2025-11-24.00:11:17::SCWSystem::Writing the bif 
TRACE::2025-11-24.00:11:17::SCWPlatform::Started writing the spfm file 
TRACE::2025-11-24.00:11:17::SCWPlatform::Started writing the xpfm file 
TRACE::2025-11-24.00:11:17::SCWPlatform::Completed generating the platform
TRACE::2025-11-24.00:11:17::SCWMssOS::Saving the mss changes D:/Vivado_Projects/Assignment_3/pc/sw/design_1_wrapper/zynq_fsbl/zynq_fsbl_bsp/system.mss
TRACE::2025-11-24.00:11:17::SCWMssOS::Found a swdesign opened with the mssfile.
TRACE::2025-11-24.00:11:17::SCWMssOS::Completed writemss as part of save.
TRACE::2025-11-24.00:11:17::SCWMssOS::Commit changes completed.
TRACE::2025-11-24.00:11:17::SCWMssOS::Saving the mss changes D:/Vivado_Projects/Assignment_3/pc/sw/design_1_wrapper/ps7_cortexa9_0/freertos10_xilinx_ps7_cortexa9_0/bsp/system.mss
TRACE::2025-11-24.00:11:17::SCWMssOS::Found a swdesign opened with the mssfile.
TRACE::2025-11-24.00:11:17::SCWMssOS::Completed writemss as part of save.
TRACE::2025-11-24.00:11:17::SCWMssOS::Commit changes completed.
TRACE::2025-11-24.00:11:17::SCWPlatform::Trying to open the hw design at D:/Vivado_Projects/Assignment_3/pc/sw/design_1_wrapper/hw/design_1_wrapper.xsa
TRACE::2025-11-24.00:11:17::SCWPlatform::DSA given D:/Vivado_Projects/Assignment_3/pc/sw/design_1_wrapper/hw/design_1_wrapper.xsa
TRACE::2025-11-24.00:11:17::SCWPlatform::DSA absoulate path D:/Vivado_Projects/Assignment_3/pc/sw/design_1_wrapper/hw/design_1_wrapper.xsa
TRACE::2025-11-24.00:11:17::SCWPlatform::DSA directory D:/Vivado_Projects/Assignment_3/pc/sw/design_1_wrapper/hw
TRACE::2025-11-24.00:11:17::SCWPlatform:: Platform Path D:/Vivado_Projects/Assignment_3/pc/sw/design_1_wrapper/hw/design_1_wrapper.xsa
TRACE::2025-11-24.00:11:17::SCWPlatform:: Unique name xilinx:zedboard::0.0
TRACE::2025-11-24.00:11:17::SCWPlatform::Trying to set the existing hwdb with name design_1_wrapper_0
TRACE::2025-11-24.00:11:17::SCWPlatform::Opened existing hwdb design_1_wrapper_0
TRACE::2025-11-24.00:11:17::SCWPlatform::Found the Hw Db part of the input DSA
TRACE::2025-11-24.00:11:17::SCWMssOS::Checking the sw design at  D:/Vivado_Projects/Assignment_3/pc/sw/design_1_wrapper/zynq_fsbl/zynq_fsbl_bsp/system.mss
TRACE::2025-11-24.00:11:17::SCWMssOS::DEBUG:  swdes dump  D:/Vivado_Projects/Assignment_3/pc/sw/design_1_wrapper/ps7_cortexa9_0/freertos10_xilinx_ps7_cortexa9_0/bsp/system.mss|system_0||
D:/Vivado_Projects/Assignment_3/pc/sw/design_1_wrapper/zynq_fsbl/zynq_fsbl_bsp/system.mss|system||

TRACE::2025-11-24.00:11:17::SCWMssOS::Sw design exists and opened at  D:/Vivado_Projects/Assignment_3/pc/sw/design_1_wrapper/zynq_fsbl/zynq_fsbl_bsp/system.mss
TRACE::2025-11-24.00:11:17::SCWPlatform::Trying to open the hw design at D:/Vivado_Projects/Assignment_3/pc/sw/design_1_wrapper/hw/design_1_wrapper.xsa
TRACE::2025-11-24.00:11:17::SCWPlatform::DSA given D:/Vivado_Projects/Assignment_3/pc/sw/design_1_wrapper/hw/design_1_wrapper.xsa
TRACE::2025-11-24.00:11:17::SCWPlatform::DSA absoulate path D:/Vivado_Projects/Assignment_3/pc/sw/design_1_wrapper/hw/design_1_wrapper.xsa
TRACE::2025-11-24.00:11:17::SCWPlatform::DSA directory D:/Vivado_Projects/Assignment_3/pc/sw/design_1_wrapper/hw
TRACE::2025-11-24.00:11:17::SCWPlatform:: Platform Path D:/Vivado_Projects/Assignment_3/pc/sw/design_1_wrapper/hw/design_1_wrapper.xsa
TRACE::2025-11-24.00:11:17::SCWPlatform:: Unique name xilinx:zedboard::0.0
TRACE::2025-11-24.00:11:17::SCWPlatform::Trying to set the existing hwdb with name design_1_wrapper_0
TRACE::2025-11-24.00:11:17::SCWPlatform::Opened existing hwdb design_1_wrapper_0
TRACE::2025-11-24.00:11:17::SCWPlatform::Found the Hw Db part of the input DSA
TRACE::2025-11-24.00:11:17::SCWMssOS::Checking the sw design at  D:/Vivado_Projects/Assignment_3/pc/sw/design_1_wrapper/zynq_fsbl/zynq_fsbl_bsp/system.mss
TRACE::2025-11-24.00:11:17::SCWMssOS::DEBUG:  swdes dump  D:/Vivado_Projects/Assignment_3/pc/sw/design_1_wrapper/ps7_cortexa9_0/freertos10_xilinx_ps7_cortexa9_0/bsp/system.mss|system_0||
D:/Vivado_Projects/Assignment_3/pc/sw/design_1_wrapper/zynq_fsbl/zynq_fsbl_bsp/system.mss|system||

TRACE::2025-11-24.00:11:17::SCWMssOS::Sw design exists and opened at  D:/Vivado_Projects/Assignment_3/pc/sw/design_1_wrapper/zynq_fsbl/zynq_fsbl_bsp/system.mss
TRACE::2025-11-24.00:11:17::SCWPlatform::Trying to open the hw design at D:/Vivado_Projects/Assignment_3/pc/sw/design_1_wrapper/hw/design_1_wrapper.xsa
TRACE::2025-11-24.00:11:17::SCWPlatform::DSA given D:/Vivado_Projects/Assignment_3/pc/sw/design_1_wrapper/hw/design_1_wrapper.xsa
TRACE::2025-11-24.00:11:17::SCWPlatform::DSA absoulate path D:/Vivado_Projects/Assignment_3/pc/sw/design_1_wrapper/hw/design_1_wrapper.xsa
TRACE::2025-11-24.00:11:17::SCWPlatform::DSA directory D:/Vivado_Projects/Assignment_3/pc/sw/design_1_wrapper/hw
TRACE::2025-11-24.00:11:17::SCWPlatform:: Platform Path D:/Vivado_Projects/Assignment_3/pc/sw/design_1_wrapper/hw/design_1_wrapper.xsa
TRACE::2025-11-24.00:11:17::SCWPlatform:: Unique name xilinx:zedboard::0.0
TRACE::2025-11-24.00:11:17::SCWPlatform::Trying to set the existing hwdb with name design_1_wrapper_0
TRACE::2025-11-24.00:11:17::SCWPlatform::Opened existing hwdb design_1_wrapper_0
TRACE::2025-11-24.00:11:17::SCWPlatform::Found the Hw Db part of the input DSA
TRACE::2025-11-24.00:11:17::SCWMssOS::Checking the sw design at  D:/Vivado_Projects/Assignment_3/pc/sw/design_1_wrapper/zynq_fsbl/zynq_fsbl_bsp/system.mss
TRACE::2025-11-24.00:11:17::SCWMssOS::DEBUG:  swdes dump  D:/Vivado_Projects/Assignment_3/pc/sw/design_1_wrapper/ps7_cortexa9_0/freertos10_xilinx_ps7_cortexa9_0/bsp/system.mss|system_0||
D:/Vivado_Projects/Assignment_3/pc/sw/design_1_wrapper/zynq_fsbl/zynq_fsbl_bsp/system.mss|system||

TRACE::2025-11-24.00:11:17::SCWMssOS::Sw design exists and opened at  D:/Vivado_Projects/Assignment_3/pc/sw/design_1_wrapper/zynq_fsbl/zynq_fsbl_bsp/system.mss
TRACE::2025-11-24.00:11:17::SCWPlatform::Trying to open the hw design at D:/Vivado_Projects/Assignment_3/pc/sw/design_1_wrapper/hw/design_1_wrapper.xsa
TRACE::2025-11-24.00:11:17::SCWPlatform::DSA given D:/Vivado_Projects/Assignment_3/pc/sw/design_1_wrapper/hw/design_1_wrapper.xsa
TRACE::2025-11-24.00:11:17::SCWPlatform::DSA absoulate path D:/Vivado_Projects/Assignment_3/pc/sw/design_1_wrapper/hw/design_1_wrapper.xsa
TRACE::2025-11-24.00:11:17::SCWPlatform::DSA directory D:/Vivado_Projects/Assignment_3/pc/sw/design_1_wrapper/hw
TRACE::2025-11-24.00:11:17::SCWPlatform:: Platform Path D:/Vivado_Projects/Assignment_3/pc/sw/design_1_wrapper/hw/design_1_wrapper.xsa
TRACE::2025-11-24.00:11:17::SCWPlatform:: Unique name xilinx:zedboard::0.0
TRACE::2025-11-24.00:11:17::SCWPlatform::Trying to set the existing hwdb with name design_1_wrapper_0
TRACE::2025-11-24.00:11:17::SCWPlatform::Opened existing hwdb design_1_wrapper_0
TRACE::2025-11-24.00:11:17::SCWPlatform::Found the Hw Db part of the input DSA
TRACE::2025-11-24.00:11:17::SCWMssOS::Checking the sw design at  D:/Vivado_Projects/Assignment_3/pc/sw/design_1_wrapper/ps7_cortexa9_0/freertos10_xilinx_ps7_cortexa9_0/bsp/system.mss
TRACE::2025-11-24.00:11:17::SCWMssOS::DEBUG:  swdes dump  D:/Vivado_Projects/Assignment_3/pc/sw/design_1_wrapper/ps7_cortexa9_0/freertos10_xilinx_ps7_cortexa9_0/bsp/system.mss|system_0||
D:/Vivado_Projects/Assignment_3/pc/sw/design_1_wrapper/zynq_fsbl/zynq_fsbl_bsp/system.mss|system||

TRACE::2025-11-24.00:11:17::SCWMssOS::Sw design exists and opened at  D:/Vivado_Projects/Assignment_3/pc/sw/design_1_wrapper/ps7_cortexa9_0/freertos10_xilinx_ps7_cortexa9_0/bsp/system.mss
TRACE::2025-11-24.00:11:17::SCWPlatform::Trying to open the hw design at D:/Vivado_Projects/Assignment_3/pc/sw/design_1_wrapper/hw/design_1_wrapper.xsa
TRACE::2025-11-24.00:11:17::SCWPlatform::DSA given D:/Vivado_Projects/Assignment_3/pc/sw/design_1_wrapper/hw/design_1_wrapper.xsa
TRACE::2025-11-24.00:11:17::SCWPlatform::DSA absoulate path D:/Vivado_Projects/Assignment_3/pc/sw/design_1_wrapper/hw/design_1_wrapper.xsa
TRACE::2025-11-24.00:11:17::SCWPlatform::DSA directory D:/Vivado_Projects/Assignment_3/pc/sw/design_1_wrapper/hw
TRACE::2025-11-24.00:11:17::SCWPlatform:: Platform Path D:/Vivado_Projects/Assignment_3/pc/sw/design_1_wrapper/hw/design_1_wrapper.xsa
TRACE::2025-11-24.00:11:17::SCWPlatform:: Unique name xilinx:zedboard::0.0
TRACE::2025-11-24.00:11:17::SCWPlatform::Trying to set the existing hwdb with name design_1_wrapper_0
TRACE::2025-11-24.00:11:17::SCWPlatform::Opened existing hwdb design_1_wrapper_0
TRACE::2025-11-24.00:11:17::SCWPlatform::Found the Hw Db part of the input DSA
TRACE::2025-11-24.00:11:17::SCWMssOS::Checking the sw design at  D:/Vivado_Projects/Assignment_3/pc/sw/design_1_wrapper/ps7_cortexa9_0/freertos10_xilinx_ps7_cortexa9_0/bsp/system.mss
TRACE::2025-11-24.00:11:17::SCWMssOS::DEBUG:  swdes dump  D:/Vivado_Projects/Assignment_3/pc/sw/design_1_wrapper/ps7_cortexa9_0/freertos10_xilinx_ps7_cortexa9_0/bsp/system.mss|system_0||
D:/Vivado_Projects/Assignment_3/pc/sw/design_1_wrapper/zynq_fsbl/zynq_fsbl_bsp/system.mss|system||

TRACE::2025-11-24.00:11:17::SCWMssOS::Sw design exists and opened at  D:/Vivado_Projects/Assignment_3/pc/sw/design_1_wrapper/ps7_cortexa9_0/freertos10_xilinx_ps7_cortexa9_0/bsp/system.mss
TRACE::2025-11-24.00:11:17::SCWPlatform::Trying to open the hw design at D:/Vivado_Projects/Assignment_3/pc/sw/design_1_wrapper/hw/design_1_wrapper.xsa
TRACE::2025-11-24.00:11:17::SCWPlatform::DSA given D:/Vivado_Projects/Assignment_3/pc/sw/design_1_wrapper/hw/design_1_wrapper.xsa
TRACE::2025-11-24.00:11:17::SCWPlatform::DSA absoulate path D:/Vivado_Projects/Assignment_3/pc/sw/design_1_wrapper/hw/design_1_wrapper.xsa
TRACE::2025-11-24.00:11:17::SCWPlatform::DSA directory D:/Vivado_Projects/Assignment_3/pc/sw/design_1_wrapper/hw
TRACE::2025-11-24.00:11:17::SCWPlatform:: Platform Path D:/Vivado_Projects/Assignment_3/pc/sw/design_1_wrapper/hw/design_1_wrapper.xsa
TRACE::2025-11-24.00:11:17::SCWPlatform:: Unique name xilinx:zedboard::0.0
TRACE::2025-11-24.00:11:17::SCWPlatform::Trying to set the existing hwdb with name design_1_wrapper_0
TRACE::2025-11-24.00:11:17::SCWPlatform::Opened existing hwdb design_1_wrapper_0
TRACE::2025-11-24.00:11:17::SCWPlatform::Found the Hw Db part of the input DSA
TRACE::2025-11-24.00:11:17::SCWMssOS::Checking the sw design at  D:/Vivado_Projects/Assignment_3/pc/sw/design_1_wrapper/ps7_cortexa9_0/freertos10_xilinx_ps7_cortexa9_0/bsp/system.mss
TRACE::2025-11-24.00:11:17::SCWMssOS::DEBUG:  swdes dump  D:/Vivado_Projects/Assignment_3/pc/sw/design_1_wrapper/ps7_cortexa9_0/freertos10_xilinx_ps7_cortexa9_0/bsp/system.mss|system_0||
D:/Vivado_Projects/Assignment_3/pc/sw/design_1_wrapper/zynq_fsbl/zynq_fsbl_bsp/system.mss|system||

TRACE::2025-11-24.00:11:17::SCWMssOS::Sw design exists and opened at  D:/Vivado_Projects/Assignment_3/pc/sw/design_1_wrapper/ps7_cortexa9_0/freertos10_xilinx_ps7_cortexa9_0/bsp/system.mss
TRACE::2025-11-24.00:11:17::SCWWriter::formatted JSON is {
	"platformName":	"design_1_wrapper",
	"sprVersion":	"2.0",
	"mode":	"gui",
	"dsaType":	"Fixed",
	"platformDesc":	"design_1_wrapper",
	"platHandOff":	"<platformDir>.xsa",
	"platIntHandOff":	"<platformDir>/hw/design_1_wrapper.xsa",
	"deviceType":	"zynq",
	"platIsPrebuiltAutogen":	"false",
	"platIsNoBootBsp":	"false",
	"platFsblTarget":	"ps7_cortexa9_0",
	"hasFsblMakeHasChanges":	"false",
	"hasPmufwMakeHasChanges":	"false",
	"fsblExtraCompilerFlags":	"-MMD -MP       -mcpu=cortex-a9 -mfpu=vfpv3 -mfloat-abi=hard ",
	"platPreBuiltFlag":	false,
	"platformSamplesDir":	"",
	"platActiveSys":	"design_1_wrapper",
	"systems":	[{
			"systemName":	"design_1_wrapper",
			"systemDesc":	"design_1_wrapper",
			"sysIsBootAutoGen":	"true",
			"systemDispName":	"design_1_wrapper",
			"sysActiveDom":	"freertos10_xilinx_ps7_cortexa9_0",
			"sysDefaultDom":	"freertos10_xilinx_ps7_cortexa9_0",
			"domains":	[{
					"domainName":	"zynq_fsbl",
					"domainDispName":	"zynq_fsbl",
					"domainDesc":	"FSBL Application BSP - Auto Generated.",
					"processors":	"ps7_cortexa9_0",
					"os":	"standalone",
					"sdxOs":	"standalone",
					"debugEnable":	"",
					"domRuntimes":	["cpp"],
					"swRepo":	"",
					"mssOsVer":	"7.6",
					"mssFile":	"",
					"md5Digest":	"3bba37a53eb16dee446165a5bd4dbb5f",
					"compatibleApp":	"zynq_fsbl",
					"domType":	"bootDomain",
					"arch":	"32-bit",
					"appSettings":	{
						"appCompilerFlags":	"",
						"appLinkerFlags":	""
					},
					"addedLibs":	["xilffs:4.6", "xilrsa:1.6"],
					"libOptions":	{
						"libsContainingOptions":	[]
					},
					"prebuiltLibs":	{
						"prebuiltIncPath":	[],
						"prebuiltLibPath":	[]
					},
					"isolation":	{
					}
				}, {
					"domainName":	"freertos10_xilinx_ps7_cortexa9_0",
					"domainDispName":	"freertos10_xilinx_ps7_cortexa9_0",
					"domainDesc":	"freertos10_xilinx_ps7_cortexa9_0",
					"processors":	"ps7_cortexa9_0",
					"os":	"freertos10_xilinx",
					"sdxOs":	"freertos10_xilinx",
					"qemuArgs":	"D:/Softwares/Xilinx/Vitis/2021.2/data/emulation/platforms/zynq/sw/a9_standalone/qemu/qemu_args.txt",
					"qemuData":	"D:/Softwares/Xilinx/Vitis/2021.2/data/emulation/platforms/zynq/sw/a9_standalone/qemu/",
					"debugEnable":	"False",
					"domRuntimes":	["cpp"],
					"swRepo":	"",
					"mssOsVer":	"1.10",
					"mssFile":	"",
					"md5Digest":	"4dc11a1cd5cf137f66a29bd78f0fc694",
					"compatibleApp":	"empty_application",
					"domType":	"mssDomain",
					"arch":	"32-bit",
					"appSettings":	{
						"appCompilerFlags":	"",
						"appLinkerFlags":	""
					},
					"addedLibs":	[],
					"libOptions":	{
						"libsContainingOptions":	[]
					},
					"prebuiltLibs":	{
						"prebuiltIncPath":	[],
						"prebuiltLibPath":	[]
					},
					"isolation":	{
					}
				}]
		}]
}
KEYINFO::2025-11-24.00:11:17::SCWPlatform::updated the xpfm file.
TRACE::2025-11-24.00:11:18::SCWPlatform::Trying to open the hw design at D:/Vivado_Projects/Assignment_3/pc/sw/design_1_wrapper/hw/design_1_wrapper.xsa
TRACE::2025-11-24.00:11:18::SCWPlatform::DSA given D:/Vivado_Projects/Assignment_3/pc/sw/design_1_wrapper/hw/design_1_wrapper.xsa
TRACE::2025-11-24.00:11:18::SCWPlatform::DSA absoulate path D:/Vivado_Projects/Assignment_3/pc/sw/design_1_wrapper/hw/design_1_wrapper.xsa
TRACE::2025-11-24.00:11:18::SCWPlatform::DSA directory D:/Vivado_Projects/Assignment_3/pc/sw/design_1_wrapper/hw
TRACE::2025-11-24.00:11:18::SCWPlatform:: Platform Path D:/Vivado_Projects/Assignment_3/pc/sw/design_1_wrapper/hw/design_1_wrapper.xsa
TRACE::2025-11-24.00:11:18::SCWPlatform:: Unique name xilinx:zedboard::0.0
TRACE::2025-11-24.00:11:18::SCWPlatform::Trying to set the existing hwdb with name design_1_wrapper_0
TRACE::2025-11-24.00:11:18::SCWPlatform::Opened existing hwdb design_1_wrapper_0
TRACE::2025-11-24.00:11:18::SCWPlatform::Found the Hw Db part of the input DSA
TRACE::2025-11-24.00:11:18::SCWMssOS::Checking the sw design at  D:/Vivado_Projects/Assignment_3/pc/sw/design_1_wrapper/ps7_cortexa9_0/freertos10_xilinx_ps7_cortexa9_0/bsp/system.mss
TRACE::2025-11-24.00:11:18::SCWMssOS::DEBUG:  swdes dump  D:/Vivado_Projects/Assignment_3/pc/sw/design_1_wrapper/ps7_cortexa9_0/freertos10_xilinx_ps7_cortexa9_0/bsp/system.mss|system_0||
D:/Vivado_Projects/Assignment_3/pc/sw/design_1_wrapper/zynq_fsbl/zynq_fsbl_bsp/system.mss|system||

TRACE::2025-11-24.00:11:18::SCWMssOS::Sw design exists and opened at  D:/Vivado_Projects/Assignment_3/pc/sw/design_1_wrapper/ps7_cortexa9_0/freertos10_xilinx_ps7_cortexa9_0/bsp/system.mss
